3.192, 4096, 0, 0, 0
0.916, 0, 2074, 0, 0
1.637, 2074, 2022, 0, 0
1.17, 2022, 1040, 0, 0
1.219, 1040, 2008, 0, 0
1.316, 2008, 1554, 0, 0
1.151, 1554, 1536, 0, 0
1.263, 1536, 1801, 0, 0
1.314, 1801, 1527, 0, 0
1.266, 1527, 1717, 0, 0
1.295, 1717, 1602, 0, 0
1.261, 1602, 1641, 0, 0
1.276, 1641, 1669, 0, 0
1.204, 1669, 1608, 0, 0
1.204, 1608, 1661, 0, 0
1.276, 1661, 1630, 0, 0
1.252, 1630, 1601, 0, 0
1.255, 1601, 1700, 0, 0
1.26, 1700, 1630, 0, 0
1.238, 1630, 1642, 0, 0
1.252, 1642, 1682, 0, 0
1.264, 1682, 1563, 0, 0
1.212, 1563, 1667, 0, 0
1.268, 1667, 1675, 0, 0
1.294, 1675, 1609, 0, 0
1.242, 1609, 1666, 0, 0
1.236, 1666, 1612, 0, 0
1.227, 1612, 1636, 0, 0
1.223, 1636, 1641, 0, 0
1.214, 1641, 1662, 0, 0
1.193, 1662, 1589, 0, 0
1.237, 1589, 1677, 0, 0
1.291, 1677, 1618, 0, 0
1.236, 1618, 1648, 0, 0
1.239, 1648, 1627, 0, 0
1.229, 1627, 1626, 0, 0
1.37, 1626, 1667, 0, 0
1.24, 1667, 1591, 0, 0
1.278, 1591, 1678, 0, 0
1.27, 1678, 1581, 0, 0
1.284, 1581, 1674, 0, 0
1.297, 1674, 1625, 0, 0
1.262, 1625, 1629, 0, 0
1.272, 1629, 1649, 0, 0
1.221, 1649, 1664, 0, 0
1.206, 1664, 1613, 0, 0
1.226, 1613, 1662, 0, 0
1.254, 1662, 1607, 0, 0
1.245, 1607, 1665, 0, 0
1.241, 1665, 1573, 0, 0
1.238, 1573, 1700, 0, 0
1.256, 1700, 1620, 0, 0
1.187, 1620, 1601, 0, 0
1.213, 1601, 1681, 0, 0
1.266, 1681, 1611, 0, 0
1.252, 1611, 1643, 0, 0
1.23, 1643, 1682, 0, 0
1.198, 1682, 1571, 0, 0
1.224, 1571, 1656, 0, 0
1.204, 1656, 1621, 0, 0
1.223, 1621, 1604, 0, 0
1.245, 1604, 1713, 0, 0
1.292, 1713, 1592, 0, 0
1.25, 1592, 1633, 0, 0
1.275, 1633, 1642, 0, 0
1.274, 1642, 1620, 0, 0
1.371, 1620, 1677, 0, 0
1.262, 1677, 1608, 0, 0
1.277, 1608, 1682, 0, 0
1.262, 1682, 1580, 0, 0
1.279, 1580, 1695, 0, 0
1.246, 1695, 1620, 0, 0
1.21, 1620, 1626, 0, 0
1.228, 1626, 1652, 0, 0
1.214, 1652, 1636, 0, 0
1.244, 1636, 1661, 0, 0
1.242, 1661, 1607, 0, 0
1.248, 1607, 1679, 0, 0
1.304, 1679, 1604, 0, 0
1.248, 1604, 1699, 0, 0
1.24, 1699, 1596, 0, 0
1.223, 1596, 1662, 0, 0
1.212, 1662, 1637, 0, 0
1.203, 1637, 1635, 0, 0
1.23, 1635, 1611, 0, 0
1.234, 1611, 1662, 0, 0
1.289, 1662, 1624, 0, 0
1.241, 1624, 1656, 0, 0
1.236, 1656, 1618, 0, 0
1.26, 1618, 1706, 0, 0
1.236, 1706, 1569, 0, 0
1.199, 1569, 1678, 0, 0
1.229, 1678, 1652, 0, 0
1.243, 1652, 1605, 0, 0
1.256, 1605, 1672, 0, 0
1.217, 1672, 1621, 0, 0
1.199, 1621, 1605, 0, 0
1.222, 1605, 1699, 0, 0
1.227, 1699, 1630, 0, 0
1.205, 1630, 1642, 0, 0
1.261, 1642, 1682, 0, 0
1.255, 1682, 1563, 0, 0
1.245, 1563, 1667, 0, 0
1.267, 1667, 1675, 0, 0
1.244, 1675, 1609, 0, 0
1.394, 1609, 1666, 0, 0
1.205, 1666, 1612, 0, 0
1.251, 1612, 1636, 0, 0
1.267, 1636, 1641, 0, 0
1.293, 1641, 1662, 0, 0
1.276, 1662, 1589, 0, 0
1.235, 1589, 1677, 0, 0
1.244, 1677, 1618, 0, 0
1.233, 1618, 1648, 0, 0
1.245, 1648, 1627, 0, 0
1.196, 1627, 1626, 0, 0
1.214, 1626, 1667, 0, 0
1.214, 1667, 1591, 0, 0
1.274, 1591, 1678, 0, 0
1.193, 1678, 1581, 0, 0
1.216, 1581, 1674, 0, 0
1.23, 1674, 1625, 0, 0
1.195, 1625, 1629, 0, 0
1.205, 1629, 1649, 0, 0
1.222, 1649, 1664, 0, 0
1.262, 1664, 1613, 0, 0
1.295, 1613, 1662, 0, 0
1.235, 1662, 1607, 0, 0
1.239, 1607, 1665, 0, 0
1.222, 1665, 1573, 0, 0
1.23, 1573, 1700, 0, 0
1.223, 1700, 1620, 0, 0
1.345, 1620, 1601, 0, 0
1.277, 1601, 1681, 0, 0
1.275, 1681, 1611, 0, 0
1.262, 1611, 1643, 0, 0
1.278, 1643, 1682, 0, 0
1.218, 1682, 1571, 0, 0
1.193, 1571, 1656, 0, 0
1.205, 1656, 1621, 0, 0
1.212, 1621, 1604, 0, 0
1.319, 1604, 1713, 0, 0
1.249, 1713, 1592, 0, 0
1.219, 1592, 1633, 0, 0
1.251, 1633, 1642, 0, 0
1.22, 1642, 1620, 0, 0
1.249, 1620, 1677, 0, 0
1.206, 1677, 1608, 0, 0
1.344, 1608, 1682, 0, 0
1.277, 1682, 1580, 0, 0
1.277, 1580, 1695, 0, 0
1.29, 1695, 1620, 0, 0
1.223, 1620, 1626, 0, 0
1.229, 1626, 1652, 0, 0
1.248, 1652, 1636, 0, 0
1.213, 1636, 1661, 0, 0
1.216, 1661, 1607, 0, 0
1.26, 1607, 1679, 0, 0
1.207, 1679, 1604, 0, 0
1.218, 1604, 1699, 0, 0
1.21, 1699, 1596, 0, 0
1.201, 1596, 1662, 0, 0
1.233, 1662, 1637, 0, 0
1.219, 1637, 1635, 0, 0
1.245, 1635, 1611, 0, 0
1.275, 1611, 1662, 0, 0
1.25, 1662, 1624, 0, 0
1.244, 1624, 1656, 0, 0
1.215, 1656, 1618, 0, 0
1.238, 1618, 1706, 0, 0
1.222, 1706, 1569, 0, 0
1.33, 1569, 1678, 0, 0
1.427, 1678, 1652, 0, 0
1.3, 1652, 1605, 0, 0
1.312, 1605, 1672, 0, 0
1.29, 1672, 1621, 0, 0
1.188, 1621, 1605, 0, 0
1.221, 1605, 1699, 0, 0
1.229, 1699, 1630, 0, 0
1.242, 1630, 1642, 0, 0
1.277, 1642, 1682, 0, 0
1.192, 1682, 1563, 0, 0
1.191, 1563, 1667, 0, 0
1.234, 1667, 1675, 0, 0
1.211, 1675, 1609, 0, 0
1.209, 1609, 1666, 0, 0
1.204, 1666, 1612, 0, 0
1.222, 1612, 1636, 0, 0
1.436, 1636, 1641, 0, 0
1.285, 1641, 1662, 0, 0
1.266, 1662, 1589, 0, 0
1.238, 1589, 1677, 0, 0
1.212, 1677, 1618, 0, 0
1.22, 1618, 1648, 0, 0
1.223, 1648, 1627, 0, 0
1.356, 1627, 1626, 0, 0
1.296, 1626, 1667, 0, 0
1.298, 1667, 1591, 0, 0
1.273, 1591, 1678, 0, 0
1.263, 1678, 1581, 0, 0
1.254, 1581, 1674, 0, 0
1.217, 1674, 1625, 0, 0
1.295, 1625, 1629, 0, 0
1.399, 1629, 1649, 0, 0
1.335, 1649, 1664, 0, 0
1.307, 1664, 1613, 0, 0
1.307, 1613, 1662, 0, 0
1.267, 1662, 1607, 0, 0
1.229, 1607, 1665, 0, 0
1.189, 1665, 1573, 0, 0
1.26, 1573, 1700, 0, 0
1.292, 1700, 1620, 0, 0
1.249, 1620, 1601, 0, 0
1.279, 1601, 1681, 0, 0
1.264, 1681, 1611, 0, 0
1.197, 1611, 1643, 0, 0
1.246, 1643, 1682, 0, 0
1.219, 1682, 1571, 0, 0
1.211, 1571, 1656, 0, 0
1.277, 1656, 1621, 0, 0
1.22, 1621, 1604, 0, 0
1.26, 1604, 1713, 0, 0
1.232, 1713, 1592, 0, 0
1.206, 1592, 1633, 0, 0
1.21, 1633, 1642, 0, 0
1.205, 1642, 1620, 0, 0
1.267, 1620, 1677, 0, 0
1.282, 1677, 1608, 0, 0
1.245, 1608, 1682, 0, 0
1.229, 1682, 1580, 0, 0
1.337, 1580, 1695, 0, 0
1.27, 1695, 1620, 0, 0
1.264, 1620, 1626, 0, 0
1.274, 1626, 1652, 0, 0
1.275, 1652, 1636, 0, 0
1.395, 1636, 1661, 0, 0
1.265, 1661, 1607, 0, 0
1.278, 1607, 1679, 0, 0
1.273, 1679, 1604, 0, 0
1.245, 1604, 1699, 0, 0
1.227, 1699, 1596, 0, 0
1.226, 1596, 1662, 0, 0
1.275, 1662, 1637, 0, 0
1.255, 1637, 1635, 0, 0
1.245, 1635, 1611, 0, 0
1.234, 1611, 1662, 0, 0
1.208, 1662, 1624, 0, 0
1.23, 1624, 1656, 0, 0
1.209, 1656, 1618, 0, 0
1.299, 1618, 1706, 0, 0
1.223, 1706, 1569, 0, 0
1.231, 1569, 1678, 0, 0
1.262, 1678, 1652, 0, 0
1.224, 1652, 1605, 0, 0
1.211, 1605, 1672, 0, 0
1.231, 1672, 1621, 0, 0
1.236, 1621, 1605, 0, 0
1.388, 1605, 1699, 0, 0
1.312, 1699, 1630, 0, 0
1.269, 1630, 1642, 0, 0
1.29, 1642, 1682, 0, 0
1.394, 1682, 1563, 0, 0
1.252, 1563, 1667, 0, 0
1.296, 1667, 1675, 0, 0
1.248, 1675, 1609, 0, 0
1.278, 1609, 1666, 0, 0
1.239, 1666, 1612, 0, 0
1.224, 1612, 1636, 0, 0
1.24, 1636, 1641, 0, 0
1.217, 1641, 1662, 0, 0
1.211, 1662, 1589, 0, 0
1.202, 1589, 1677, 0, 0
1.208, 1677, 1618, 0, 0
1.32, 1618, 1648, 0, 0
1.275, 1648, 1627, 0, 0
1.262, 1627, 1626, 0, 0
1.273, 1626, 1667, 0, 0
1.198, 1667, 1591, 0, 0
1.205, 1591, 1678, 0, 0
1.201, 1678, 1581, 0, 0
1.251, 1581, 1674, 0, 0
1.251, 1674, 1625, 0, 0
1.269, 1625, 1629, 0, 0
1.273, 1629, 1649, 0, 0
1.271, 1649, 1664, 0, 0
1.207, 1664, 1613, 0, 0
1.209, 1613, 1662, 0, 0
1.203, 1662, 1607, 0, 0
1.252, 1607, 1665, 0, 0
1.187, 1665, 1573, 0, 0
1.233, 1573, 1700, 0, 0
1.241, 1700, 1620, 0, 0
1.188, 1620, 1601, 0, 0
1.212, 1601, 1681, 0, 0
1.245, 1681, 1611, 0, 0
1.197, 1611, 1643, 0, 0
1.277, 1643, 1682, 0, 0
1.267, 1682, 1571, 0, 0
1.223, 1571, 1656, 0, 0
1.24, 1656, 1621, 0, 0
1.372, 1621, 1604, 0, 0
1.292, 1604, 1713, 0, 0
1.282, 1713, 1592, 0, 0
1.235, 1592, 1633, 0, 0
1.555, 1633, 1642, 0, 0
1.347, 1642, 1620, 0, 0
1.321, 1620, 1677, 0, 0
1.306, 1677, 1608, 0, 0
1.241, 1608, 1682, 0, 0
1.235, 1682, 1580, 0, 0
1.211, 1580, 1695, 0, 0
1.248, 1695, 1620, 0, 0
1.239, 1620, 1626, 0, 0
1.239, 1626, 1652, 0, 0
1.245, 1652, 1636, 0, 0
1.262, 1636, 1661, 0, 0
1.201, 1661, 1607, 0, 0
1.229, 1607, 1679, 0, 0
1.207, 1679, 1604, 0, 0
1.281, 1604, 1699, 0, 0
1.249, 1699, 1596, 0, 0
1.27, 1596, 1662, 0, 0
1.284, 1662, 1637, 0, 0
1.249, 1637, 1635, 0, 0
1.216, 1635, 1611, 0, 0
1.218, 1611, 1662, 0, 0
1.33, 1662, 1624, 0, 0
1.282, 1624, 1656, 0, 0
1.275, 1656, 1618, 0, 0
1.291, 1618, 1706, 0, 0
1.239, 1706, 1569, 0, 0
1.559, 1569, 1678, 0, 0
1.42, 1678, 1652, 0, 0
1.516, 1652, 1605, 0, 0
1.403, 1605, 1672, 0, 0
1.318, 1672, 1621, 0, 0
1.289, 1621, 1605, 0, 0
1.328, 1605, 1699, 0, 0
1.282, 1699, 1630, 0, 0
1.57, 1630, 1642, 0, 0
1.342, 1642, 1682, 0, 0
1.406, 1682, 1563, 0, 0
1.441, 1563, 1667, 0, 0
1.336, 1667, 1675, 0, 0
1.462, 1675, 1609, 0, 0
1.387, 1609, 1666, 0, 0
1.312, 1666, 1612, 0, 0
1.297, 1612, 1636, 0, 0
1.311, 1636, 1641, 0, 0
1.318, 1641, 1662, 0, 0
1.293, 1662, 1589, 0, 0
1.282, 1589, 1677, 0, 0
1.216, 1677, 1618, 0, 0
1.204, 1618, 1648, 0, 0
1.208, 1648, 1627, 0, 0
1.374, 1627, 1626, 0, 0
1.302, 1626, 1667, 0, 0
1.263, 1667, 1591, 0, 0
1.272, 1591, 1678, 0, 0
1.266, 1678, 1581, 0, 0
1.23, 1581, 1674, 0, 0
1.216, 1674, 1625, 0, 0
1.243, 1625, 1629, 0, 0
1.404, 1629, 1649, 0, 0
1.299, 1649, 1664, 0, 0
1.273, 1664, 1613, 0, 0
1.266, 1613, 1662, 0, 0
1.239, 1662, 1607, 0, 0
1.224, 1607, 1665, 0, 0
1.206, 1665, 1573, 0, 0
1.245, 1573, 1700, 0, 0
1.269, 1700, 1620, 0, 0
1.202, 1620, 1601, 0, 0
1.265, 1601, 1681, 0, 0
1.259, 1681, 1611, 0, 0
1.287, 1611, 1643, 0, 0
1.265, 1643, 1682, 0, 0
1.232, 1682, 1571, 0, 0
1.223, 1571, 1656, 0, 0
1.257, 1656, 1621, 0, 0
1.191, 1621, 1604, 0, 0
1.231, 1604, 1713, 0, 0
1.256, 1713, 1592, 0, 0
1.291, 1592, 1633, 0, 0
1.246, 1633, 1642, 0, 0
1.238, 1642, 1620, 0, 0
1.249, 1620, 1677, 0, 0
1.259, 1677, 1608, 0, 0
1.247, 1608, 1682, 0, 0
1.361, 1682, 1580, 0, 0
1.292, 1580, 1695, 0, 0
1.29, 1695, 1620, 0, 0
1.269, 1620, 1626, 0, 0
1.24, 1626, 1652, 0, 0
1.235, 1652, 1636, 0, 0
1.299, 1636, 1661, 0, 0
1.278, 1661, 1607, 0, 0
1.25, 1607, 1679, 0, 0
1.241, 1679, 1604, 0, 0
1.234, 1604, 1699, 0, 0
1.228, 1699, 1596, 0, 0
1.201, 1596, 1662, 0, 0
1.212, 1662, 1637, 0, 0
1.258, 1637, 1635, 0, 0
1.486, 1635, 1611, 0, 0
1.282, 1611, 1662, 0, 0
1.274, 1662, 1624, 0, 0
1.277, 1624, 1656, 0, 0
1.252, 1656, 1618, 0, 0
1.274, 1618, 1706, 0, 0
1.259, 1706, 1569, 0, 0
1.203, 1569, 1678, 0, 0
1.229, 1678, 1652, 0, 0
1.195, 1652, 1605, 0, 0
1.206, 1605, 1672, 0, 0
1.565, 1672, 1621, 0, 0
1.252, 1621, 1605, 0, 0
1.284, 1605, 1699, 0, 0
1.294, 1699, 1630, 0, 0
1.219, 1630, 1642, 0, 0
1.227, 1642, 1682, 0, 0
1.211, 1682, 1563, 0, 0
1.218, 1563, 1667, 0, 0
1.248, 1667, 1675, 0, 0
1.227, 1675, 1609, 0, 0
1.21, 1609, 1666, 0, 0
1.252, 1666, 1612, 0, 0
1.365, 1612, 1636, 0, 0
1.25, 1636, 1641, 0, 0
1.301, 1641, 1662, 0, 0
1.255, 1662, 1589, 0, 0
1.278, 1589, 1677, 0, 0
1.277, 1677, 1618, 0, 0
1.255, 1618, 1648, 0, 0
1.243, 1648, 1627, 0, 0
1.234, 1627, 1626, 0, 0
1.289, 1626, 1667, 0, 0
1.229, 1667, 1591, 0, 0
1.24, 1591, 1678, 0, 0
1.23, 1678, 1581, 0, 0
1.232, 1581, 1674, 0, 0
1.275, 1674, 1625, 0, 0
1.207, 1625, 1629, 0, 0
1.239, 1629, 1649, 0, 0
1.255, 1649, 1664, 0, 0
1.238, 1664, 1613, 0, 0
1.208, 1613, 1662, 0, 0
1.221, 1662, 1607, 0, 0
1.207, 1607, 1665, 0, 0
1.241, 1665, 1573, 0, 0
1.273, 1573, 1700, 0, 0
1.254, 1700, 1620, 0, 0
1.294, 1620, 1601, 0, 0
1.389, 1601, 1681, 0, 0
1.313, 1681, 1611, 0, 0
1.296, 1611, 1643, 0, 0
1.282, 1643, 1682, 0, 0
1.256, 1682, 1571, 0, 0
1.212, 1571, 1656, 0, 0
1.205, 1656, 1621, 0, 0
1.253, 1621, 1604, 0, 0
1.25, 1604, 1713, 0, 0
1.252, 1713, 1592, 0, 0
1.218, 1592, 1633, 0, 0
1.235, 1633, 1642, 0, 0
1.246, 1642, 1620, 0, 0
1.246, 1620, 1677, 0, 0
1.258, 1677, 1608, 0, 0
1.242, 1608, 1682, 0, 0
1.205, 1682, 1580, 0, 0
1.213, 1580, 1695, 0, 0
1.222, 1695, 1620, 0, 0
1.24, 1620, 1626, 0, 0
1.225, 1626, 1652, 0, 0
1.286, 1652, 1636, 0, 0
1.249, 1636, 1661, 0, 0
1.233, 1661, 1607, 0, 0
1.244, 1607, 1679, 0, 0
1.232, 1679, 1604, 0, 0
1.235, 1604, 1699, 0, 0
1.265, 1699, 1596, 0, 0
1.208, 1596, 1662, 0, 0
1.231, 1662, 1637, 0, 0
1.205, 1637, 1635, 0, 0
1.215, 1635, 1611, 0, 0
1.209, 1611, 1662, 0, 0
1.244, 1662, 1624, 0, 0
1.207, 1624, 1656, 0, 0
1.255, 1656, 1618, 0, 0
1.228, 1618, 1706, 0, 0
1.256, 1706, 1569, 0, 0
1.2, 1569, 1678, 0, 0
1.398, 1678, 1652, 0, 0
1.261, 1652, 1605, 0, 0
1.275, 1605, 1672, 0, 0
1.279, 1672, 1621, 0, 0
1.241, 1621, 1605, 0, 0
1.555, 1605, 1699, 0, 0
1.294, 1699, 1630, 0, 0
1.274, 1630, 1642, 0, 0
1.248, 1642, 1682, 0, 0
1.219, 1682, 1563, 0, 0
1.194, 1563, 1667, 0, 0
1.271, 1667, 1675, 0, 0
1.257, 1675, 1609, 0, 0
1.235, 1609, 1666, 0, 0
1.238, 1666, 1612, 0, 0
1.226, 1612, 1636, 0, 0
1.215, 1636, 1641, 0, 0
1.215, 1641, 1662, 0, 0
1.213, 1662, 1589, 0, 0
1.236, 1589, 1677, 0, 0
1.272, 1677, 1618, 0, 0
1.259, 1618, 1648, 0, 0
1.272, 1648, 1627, 0, 0
1.271, 1627, 1626, 0, 0
1.215, 1626, 1667, 0, 0
1.197, 1667, 1591, 0, 0
1.243, 1591, 1678, 0, 0
1.348, 1678, 1581, 0, 0
1.269, 1581, 1674, 0, 0
1.283, 1674, 1625, 0, 0
1.244, 1625, 1629, 0, 0
1.24, 1629, 1649, 0, 0
1.221, 1649, 1664, 0, 0
1.209, 1664, 1613, 0, 0
1.463, 1613, 1662, 0, 0
1.364, 1662, 1607, 0, 0
1.272, 1607, 1665, 0, 0
1.251, 1665, 1573, 0, 0
1.238, 1573, 1700, 0, 0
1.26, 1700, 1620, 0, 0
1.203, 1620, 1601, 0, 0
1.211, 1601, 1681, 0, 0
1.245, 1681, 1611, 0, 0
1.269, 1611, 1643, 0, 0
1.248, 1643, 1682, 0, 0
1.231, 1682, 1571, 0, 0
1.227, 1571, 1656, 0, 0
1.223, 1656, 1621, 0, 0
1.204, 1621, 1604, 0, 0
1.261, 1604, 1713, 0, 0
1.261, 1713, 1592, 0, 0
1.214, 1592, 1633, 0, 0
1.235, 1633, 1642, 0, 0
1.34, 1642, 1620, 0, 0
1.313, 1620, 1677, 0, 0
1.355, 1677, 1608, 0, 0
1.274, 1608, 1682, 0, 0
1.263, 1682, 1580, 0, 0
1.279, 1580, 1695, 0, 0
1.294, 1695, 1620, 0, 0
1.277, 1620, 1626, 0, 0
1.244, 1626, 1652, 0, 0
1.268, 1652, 1636, 0, 0
1.25, 1636, 1661, 0, 0
1.219, 1661, 1607, 0, 0
1.411, 1607, 1679, 0, 0
1.279, 1679, 1604, 0, 0
1.288, 1604, 1699, 0, 0
1.27, 1699, 1596, 0, 0
1.235, 1596, 1662, 0, 0
1.232, 1662, 1637, 0, 0
1.202, 1637, 1635, 0, 0
1.265, 1635, 1611, 0, 0
1.252, 1611, 1662, 0, 0
1.238, 1662, 1624, 0, 0
1.237, 1624, 1656, 0, 0
1.229, 1656, 1618, 0, 0
1.26, 1618, 1706, 0, 0
1.203, 1706, 1569, 0, 0
1.254, 1569, 1678, 0, 0
1.264, 1678, 1652, 0, 0
1.264, 1652, 1605, 0, 0
1.251, 1605, 1672, 0, 0
1.233, 1672, 1621, 0, 0
1.208, 1621, 1605, 0, 0
1.223, 1605, 1699, 0, 0
1.245, 1699, 1630, 0, 0
1.222, 1630, 1642, 0, 0
1.248, 1642, 1682, 0, 0
1.248, 1682, 1563, 0, 0
1.193, 1563, 1667, 0, 0
1.433, 1667, 1675, 0, 0
1.271, 1675, 1609, 0, 0
1.31, 1609, 1666, 0, 0
1.309, 1666, 1612, 0, 0
1.248, 1612, 1636, 0, 0
1.24, 1636, 1641, 0, 0
1.283, 1641, 1662, 0, 0
1.235, 1662, 1589, 0, 0
1.208, 1589, 1677, 0, 0
1.213, 1677, 1618, 0, 0
1.201, 1618, 1648, 0, 0
1.557, 1648, 1627, 0, 0
1.265, 1627, 1626, 0, 0
1.283, 1626, 1667, 0, 0
1.265, 1667, 1591, 0, 0
1.248, 1591, 1678, 0, 0
1.228, 1678, 1581, 0, 0
1.198, 1581, 1674, 0, 0
1.23, 1674, 1625, 0, 0
1.196, 1625, 1629, 0, 0
1.204, 1629, 1649, 0, 0
1.289, 1649, 1664, 0, 0
1.239, 1664, 1613, 0, 0
1.243, 1613, 1662, 0, 0
1.231, 1662, 1607, 0, 0
1.206, 1607, 1665, 0, 0
1.274, 1665, 1573, 0, 0
1.269, 1573, 1700, 0, 0
1.29, 1700, 1620, 0, 0
1.266, 1620, 1601, 0, 0
1.27, 1601, 1681, 0, 0
1.23, 1681, 1611, 0, 0
1.196, 1611, 1643, 0, 0
1.323, 1643, 1682, 0, 0
1.306, 1682, 1571, 0, 0
1.259, 1571, 1656, 0, 0
1.277, 1656, 1621, 0, 0
1.227, 1621, 1604, 0, 0
1.327, 1604, 1713, 0, 0
1.298, 1713, 1592, 0, 0
1.34, 1592, 1633, 0, 0
1.278, 1633, 1642, 0, 0
1.267, 1642, 1620, 0, 0
1.282, 1620, 1677, 0, 0
1.288, 1677, 1608, 0, 0
1.335, 1608, 1682, 0, 0
1.277, 1682, 1580, 0, 0
1.277, 1580, 1695, 0, 0
1.291, 1695, 1620, 0, 0
1.238, 1620, 1626, 0, 0
1.238, 1626, 1652, 0, 0
1.208, 1652, 1636, 0, 0
1.266, 1636, 1661, 0, 0
1.201, 1661, 1607, 0, 0
1.224, 1607, 1679, 0, 0
1.262, 1679, 1604, 0, 0
1.251, 1604, 1699, 0, 0
1.245, 1699, 1596, 0, 0
1.287, 1596, 1662, 0, 0
1.256, 1662, 1637, 0, 0
1.271, 1637, 1635, 0, 0
1.23, 1635, 1611, 0, 0
1.21, 1611, 1662, 0, 0
1.556, 1662, 1624, 0, 0
1.328, 1624, 1656, 0, 0
1.274, 1656, 1618, 0, 0
1.294, 1618, 1706, 0, 0
1.313, 1706, 1569, 0, 0
1.23, 1569, 1678, 0, 0
1.259, 1678, 1652, 0, 0
1.261, 1652, 1605, 0, 0
1.269, 1605, 1672, 0, 0
1.246, 1672, 1621, 0, 0
1.238, 1621, 1605, 0, 0
1.238, 1605, 1699, 0, 0
1.293, 1699, 1630, 0, 0
1.236, 1630, 1642, 0, 0
1.261, 1642, 1682, 0, 0
1.233, 1682, 1563, 0, 0
1.194, 1563, 1667, 0, 0
1.255, 1667, 1675, 0, 0
1.23, 1675, 1609, 0, 0
1.208, 1609, 1666, 0, 0
1.255, 1666, 1612, 0, 0
1.22, 1612, 1636, 0, 0
1.301, 1636, 1641, 0, 0
1.25, 1641, 1662, 0, 0
1.23, 1662, 1589, 0, 0
1.242, 1589, 1677, 0, 0
1.215, 1677, 1618, 0, 0
1.221, 1618, 1648, 0, 0
1.28, 1648, 1627, 0, 0
1.233, 1627, 1626, 0, 0
1.248, 1626, 1667, 0, 0
1.216, 1667, 1591, 0, 0
1.206, 1591, 1678, 0, 0
1.199, 1678, 1581, 0, 0
1.245, 1581, 1674, 0, 0
1.212, 1674, 1625, 0, 0
1.269, 1625, 1629, 0, 0
1.274, 1629, 1649, 0, 0
1.254, 1649, 1664, 0, 0
1.216, 1664, 1613, 0, 0
1.38, 1613, 1662, 0, 0
1.271, 1662, 1607, 0, 0
1.272, 1607, 1665, 0, 0
1.272, 1665, 1573, 0, 0
1.517, 1573, 1700, 0, 0
1.406, 1700, 1620, 0, 0
1.282, 1620, 1601, 0, 0
1.318, 1601, 1681, 0, 0
1.264, 1681, 1611, 0, 0
1.26, 1611, 1643, 0, 0
1.229, 1643, 1682, 0, 0
1.289, 1682, 1571, 0, 0
1.243, 1571, 1656, 0, 0
1.239, 1656, 1621, 0, 0
1.201, 1621, 1604, 0, 0
1.23, 1604, 1713, 0, 0
1.219, 1713, 1592, 0, 0
1.189, 1592, 1633, 0, 0
1.206, 1633, 1642, 0, 0
1.254, 1642, 1620, 0, 0
1.298, 1620, 1677, 0, 0
1.259, 1677, 1608, 0, 0
1.26, 1608, 1682, 0, 0
1.227, 1682, 1580, 0, 0
1.209, 1580, 1695, 0, 0
1.221, 1695, 1620, 0, 0
1.384, 1620, 1626, 0, 0
1.303, 1626, 1652, 0, 0
1.28, 1652, 1636, 0, 0
1.284, 1636, 1661, 0, 0
1.201, 1661, 1607, 0, 0
1.301, 1607, 1679, 0, 0
1.43, 1679, 1604, 0, 0
1.302, 1604, 1699, 0, 0
1.277, 1699, 1596, 0, 0
1.269, 1596, 1662, 0, 0
1.282, 1662, 1637, 0, 0
1.232, 1637, 1635, 0, 0
1.211, 1635, 1611, 0, 0
1.208, 1611, 1662, 0, 0
1.211, 1662, 1624, 0, 0
1.41, 1624, 1656, 0, 0
1.305, 1656, 1618, 0, 0
1.294, 1618, 1706, 0, 0
1.267, 1706, 1569, 0, 0
1.271, 1569, 1678, 0, 0
1.262, 1678, 1652, 0, 0
1.245, 1652, 1605, 0, 0
1.218, 1605, 1672, 0, 0
1.256, 1672, 1621, 0, 0
1.226, 1621, 1605, 0, 0
1.252, 1605, 1699, 0, 0
1.264, 1699, 1630, 0, 0
1.207, 1630, 1642, 0, 0
1.247, 1642, 1682, 0, 0
1.195, 1682, 1563, 0, 0
1.206, 1563, 1667, 0, 0
1.799, 1667, 1675, 0, 0
1.311, 1675, 1609, 0, 0
1.311, 1609, 1666, 0, 0
1.257, 1666, 1612, 0, 0
1.196, 1612, 1636, 0, 0
1.224, 1636, 1641, 0, 0
1.242, 1641, 1662, 0, 0
1.367, 1662, 1589, 0, 0
1.313, 1589, 1677, 0, 0
1.28, 1677, 1618, 0, 0
1.276, 1618, 1648, 0, 0
1.239, 1648, 1627, 0, 0
1.223, 1627, 1626, 0, 0
1.213, 1626, 1667, 0, 0
1.231, 1667, 1591, 0, 0
1.251, 1591, 1678, 0, 0
1.204, 1678, 1581, 0, 0
1.201, 1581, 1674, 0, 0
1.215, 1674, 1625, 0, 0
1.196, 1625, 1629, 0, 0
1.205, 1629, 1649, 0, 0
1.555, 1649, 1664, 0, 0
1.272, 1664, 1613, 0, 0
1.308, 1613, 1662, 0, 0
1.275, 1662, 1607, 0, 0
1.228, 1607, 1665, 0, 0
1.19, 1665, 1573, 0, 0
1.207, 1573, 1700, 0, 0
1.219, 1700, 1620, 0, 0
1.207, 1620, 1601, 0, 0
1.211, 1601, 1681, 0, 0
1.285, 1681, 1611, 0, 0
1.232, 1611, 1643, 0, 0
1.443, 1643, 1682, 0, 0
1.265, 1682, 1571, 0, 0
1.262, 1571, 1656, 0, 0
1.274, 1656, 1621, 0, 0
1.265, 1621, 1604, 0, 0
1.3, 1604, 1713, 0, 0
1.294, 1713, 1592, 0, 0
1.242, 1592, 1633, 0, 0
1.237, 1633, 1642, 0, 0
1.215, 1642, 1620, 0, 0
1.279, 1620, 1677, 0, 0
1.283, 1677, 1608, 0, 0
1.241, 1608, 1682, 0, 0
1.284, 1682, 1580, 0, 0
1.24, 1580, 1695, 0, 0
1.257, 1695, 1620, 0, 0
1.252, 1620, 1626, 0, 0
1.21, 1626, 1652, 0, 0
1.228, 1652, 1636, 0, 0
1.213, 1636, 1661, 0, 0
1.198, 1661, 1607, 0, 0
1.262, 1607, 1679, 0, 0
1.203, 1679, 1604, 0, 0
1.236, 1604, 1699, 0, 0
1.245, 1699, 1596, 0, 0
1.213, 1596, 1662, 0, 0
1.277, 1662, 1637, 0, 0
1.233, 1637, 1635, 0, 0
1.226, 1635, 1611, 0, 0
1.285, 1611, 1662, 0, 0
1.234, 1662, 1624, 0, 0
1.213, 1624, 1656, 0, 0
1.226, 1656, 1618, 0, 0
1.245, 1618, 1706, 0, 0
1.408, 1706, 1569, 0, 0
1.266, 1569, 1678, 0, 0
1.297, 1678, 1652, 0, 0
1.27, 1652, 1605, 0, 0
1.295, 1605, 1672, 0, 0
1.363, 1672, 1621, 0, 0
1.27, 1621, 1605, 0, 0
1.295, 1605, 1699, 0, 0
1.265, 1699, 1630, 0, 0
1.227, 1630, 1642, 0, 0
1.25, 1642, 1682, 0, 0
1.199, 1682, 1563, 0, 0
1.217, 1563, 1667, 0, 0
1.233, 1667, 1675, 0, 0
1.261, 1675, 1609, 0, 0
1.226, 1609, 1666, 0, 0
1.205, 1666, 1612, 0, 0
1.211, 1612, 1636, 0, 0
1.233, 1636, 1641, 0, 0
1.229, 1641, 1662, 0, 0
1.195, 1662, 1589, 0, 0
1.207, 1589, 1677, 0, 0
1.232, 1677, 1618, 0, 0
1.206, 1618, 1648, 0, 0
1.225, 1648, 1627, 0, 0
1.198, 1627, 1626, 0, 0
1.259, 1626, 1667, 0, 0
1.224, 1667, 1591, 0, 0
1.238, 1591, 1678, 0, 0
1.228, 1678, 1581, 0, 0
1.416, 1581, 1674, 0, 0
1.281, 1674, 1625, 0, 0
1.263, 1625, 1629, 0, 0
1.276, 1629, 1649, 0, 0
1.294, 1649, 1664, 0, 0
1.207, 1664, 1613, 0, 0
1.206, 1613, 1662, 0, 0
1.258, 1662, 1607, 0, 0
1.21, 1607, 1665, 0, 0
1.19, 1665, 1573, 0, 0
1.228, 1573, 1700, 0, 0
1.242, 1700, 1620, 0, 0
1.248, 1620, 1601, 0, 0
1.267, 1601, 1681, 0, 0
1.243, 1681, 1611, 0, 0
1.222, 1611, 1643, 0, 0
1.226, 1643, 1682, 0, 0
1.195, 1682, 1571, 0, 0
1.193, 1571, 1656, 0, 0
1.21, 1656, 1621, 0, 0
1.217, 1621, 1604, 0, 0
1.229, 1604, 1713, 0, 0
1.549, 1713, 1592, 0, 0
1.287, 1592, 1633, 0, 0
1.315, 1633, 1642, 0, 0
1.268, 1642, 1620, 0, 0
1.253, 1620, 1677, 0, 0
1.204, 1677, 1608, 0, 0
1.273, 1608, 1682, 0, 0
1.215, 1682, 1580, 0, 0
1.228, 1580, 1695, 0, 0
1.219, 1695, 1620, 0, 0
1.194, 1620, 1626, 0, 0
1.209, 1626, 1652, 0, 0
1.211, 1652, 1636, 0, 0
1.243, 1636, 1661, 0, 0
1.26, 1661, 1607, 0, 0
1.289, 1607, 1679, 0, 0
1.237, 1679, 1604, 0, 0
1.315, 1604, 1699, 0, 0
1.312, 1699, 1596, 0, 0
1.268, 1596, 1662, 0, 0
1.283, 1662, 1637, 0, 0
1.267, 1637, 1635, 0, 0
1.463, 1635, 1611, 0, 0
1.296, 1611, 1662, 0, 0
1.277, 1662, 1624, 0, 0
1.275, 1624, 1656, 0, 0
1.237, 1656, 1618, 0, 0
1.246, 1618, 1706, 0, 0
1.206, 1706, 1569, 0, 0
1.268, 1569, 1678, 0, 0
1.261, 1678, 1652, 0, 0
1.232, 1652, 1605, 0, 0
1.235, 1605, 1672, 0, 0
1.235, 1672, 1621, 0, 0
1.19, 1621, 1605, 0, 0
1.22, 1605, 1699, 0, 0
1.221, 1699, 1630, 0, 0
1.311, 1630, 1642, 0, 0
1.243, 1642, 1682, 0, 0
1.223, 1682, 1563, 0, 0
1.225, 1563, 1667, 0, 0
1.272, 1667, 1675, 0, 0
1.231, 1675, 1609, 0, 0
1.212, 1609, 1666, 0, 0
1.397, 1666, 1612, 0, 0
1.242, 1612, 1636, 0, 0
1.269, 1636, 1641, 0, 0
1.284, 1641, 1662, 0, 0
1.206, 1662, 1589, 0, 0
1.222, 1589, 1677, 0, 0
1.214, 1677, 1618, 0, 0
1.258, 1618, 1648, 0, 0
1.492, 1648, 1627, 0, 0
1.306, 1627, 1626, 0, 0
1.316, 1626, 1667, 0, 0
1.268, 1667, 1591, 0, 0
1.206, 1591, 1678, 0, 0
1.233, 1678, 1581, 0, 0
1.203, 1581, 1674, 0, 0
1.251, 1674, 1625, 0, 0
1.268, 1625, 1629, 0, 0
1.238, 1629, 1649, 0, 0
1.254, 1649, 1664, 0, 0
1.236, 1664, 1613, 0, 0
1.211, 1613, 1662, 0, 0
1.219, 1662, 1607, 0, 0
1.23, 1607, 1665, 0, 0
1.208, 1665, 1573, 0, 0
1.268, 1573, 1700, 0, 0
1.253, 1700, 1620, 0, 0
1.213, 1620, 1601, 0, 0
1.229, 1601, 1681, 0, 0
1.206, 1681, 1611, 0, 0
1.195, 1611, 1643, 0, 0
1.224, 1643, 1682, 0, 0
1.259, 1682, 1571, 0, 0
1.271, 1571, 1656, 0, 0
1.272, 1656, 1621, 0, 0
1.25, 1621, 1604, 0, 0
1.26, 1604, 1713, 0, 0
1.216, 1713, 1592, 0, 0
1.189, 1592, 1633, 0, 0
1.212, 1633, 1642, 0, 0
1.792, 1642, 1620, 0, 0
1.315, 1620, 1677, 0, 0
1.31, 1677, 1608, 0, 0
1.31, 1608, 1682, 0, 0
1.199, 1682, 1580, 0, 0
1.208, 1580, 1695, 0, 0
1.235, 1695, 1620, 0, 0
1.194, 1620, 1626, 0, 0
1.224, 1626, 1652, 0, 0
1.274, 1652, 1636, 0, 0
1.237, 1636, 1661, 0, 0
1.233, 1661, 1607, 0, 0
1.244, 1607, 1679, 0, 0
1.329, 1679, 1604, 0, 0
1.358, 1604, 1699, 0, 0
1.282, 1699, 1596, 0, 0
1.266, 1596, 1662, 0, 0
1.274, 1662, 1637, 0, 0
1.204, 1637, 1635, 0, 0
1.21, 1635, 1611, 0, 0
1.206, 1611, 1662, 0, 0
1.233, 1662, 1624, 0, 0
1.204, 1624, 1656, 0, 0
1.252, 1656, 1618, 0, 0
1.416, 1618, 1706, 0, 0
1.244, 1706, 1569, 0, 0
1.268, 1569, 1678, 0, 0
1.301, 1678, 1652, 0, 0
1.25, 1652, 1605, 0, 0
1.26, 1605, 1672, 0, 0
1.214, 1672, 1621, 0, 0
1.241, 1621, 1605, 0, 0
1.22, 1605, 1699, 0, 0
1.242, 1699, 1630, 0, 0
1.247, 1630, 1642, 0, 0
1.296, 1642, 1682, 0, 0
1.581, 1682, 1563, 0, 0
1.256, 1563, 1667, 0, 0
1.301, 1667, 1675, 0, 0
1.244, 1675, 1609, 0, 0
1.21, 1609, 1666, 0, 0
1.223, 1666, 1612, 0, 0
1.194, 1612, 1636, 0, 0
1.257, 1636, 1641, 0, 0
1.233, 1641, 1662, 0, 0
1.194, 1662, 1589, 0, 0
1.203, 1589, 1677, 0, 0
1.267, 1677, 1618, 0, 0
1.204, 1618, 1648, 0, 0
1.22, 1648, 1627, 0, 0
1.197, 1627, 1626, 0, 0
1.278, 1626, 1667, 0, 0
1.219, 1667, 1591, 0, 0
1.236, 1591, 1678, 0, 0
1.229, 1678, 1581, 0, 0
1.245, 1581, 1674, 0, 0
1.215, 1674, 1625, 0, 0
1.198, 1625, 1629, 0, 0
1.207, 1629, 1649, 0, 0
1.373, 1649, 1664, 0, 0
1.27, 1664, 1613, 0, 0
1.273, 1613, 1662, 0, 0
1.265, 1662, 1607, 0, 0
1.282, 1607, 1665, 0, 0
1.248, 1665, 1573, 0, 0
1.287, 1573, 1700, 0, 0
1.288, 1700, 1620, 0, 0
1.248, 1620, 1601, 0, 0
1.276, 1601, 1681, 0, 0
1.23, 1681, 1611, 0, 0
1.229, 1611, 1643, 0, 0
1.23, 1643, 1682, 0, 0
1.23, 1682, 1571, 0, 0
1.419, 1571, 1656, 0, 0
1.273, 1656, 1621, 0, 0
1.253, 1621, 1604, 0, 0
1.294, 1604, 1713, 0, 0
1.234, 1713, 1592, 0, 0
1.251, 1592, 1633, 0, 0
1.24, 1633, 1642, 0, 0
1.236, 1642, 1620, 0, 0
1.245, 1620, 1677, 0, 0
1.205, 1677, 1608, 0, 0
1.211, 1608, 1682, 0, 0
1.214, 1682, 1580, 0, 0
1.225, 1580, 1695, 0, 0
1.295, 1695, 1620, 0, 0
1.228, 1620, 1626, 0, 0
1.24, 1626, 1652, 0, 0
1.635, 1652, 1636, 0, 0
1.314, 1636, 1661, 0, 0
1.302, 1661, 1607, 0, 0
1.312, 1607, 1679, 0, 0
1.298, 1679, 1604, 0, 0
1.254, 1604, 1699, 0, 0
1.228, 1699, 1596, 0, 0
1.345, 1596, 1662, 0, 0
1.27, 1662, 1637, 0, 0
1.27, 1637, 1635, 0, 0
1.26, 1635, 1611, 0, 0
1.207, 1611, 1662, 0, 0
1.263, 1662, 1624, 0, 0
1.243, 1624, 1656, 0, 0
1.206, 1656, 1618, 0, 0
1.257, 1618, 1706, 0, 0
1.208, 1706, 1569, 0, 0
1.197, 1569, 1678, 0, 0
1.222, 1678, 1652, 0, 0
1.213, 1652, 1605, 0, 0
1.357, 1605, 1672, 0, 0
1.281, 1672, 1621, 0, 0
1.292, 1621, 1605, 0, 0
1.277, 1605, 1699, 0, 0
1.263, 1699, 1630, 0, 0
1.241, 1630, 1642, 0, 0
1.255, 1642, 1682, 0, 0
1.25, 1682, 1563, 0, 0
1.191, 1563, 1667, 0, 0
1.231, 1667, 1675, 0, 0
1.253, 1675, 1609, 0, 0
1.209, 1609, 1666, 0, 0
1.221, 1666, 1612, 0, 0
1.24, 1612, 1636, 0, 0
1.205, 1636, 1641, 0, 0
1.268, 1641, 1662, 0, 0
1.197, 1662, 1589, 0, 0
1.206, 1589, 1677, 0, 0
1.267, 1677, 1618, 0, 0
1.384, 1618, 1648, 0, 0
1.204, 1648, 1627, 0, 0
1.277, 1627, 1626, 0, 0
1.281, 1626, 1667, 0, 0
1.28, 1667, 1591, 0, 0
1.242, 1591, 1678, 0, 0
1.529, 1678, 1581, 0, 0
1.268, 1581, 1674, 0, 0
1.283, 1674, 1625, 0, 0
1.243, 1625, 1629, 0, 0
1.223, 1629, 1649, 0, 0
1.217, 1649, 1664, 0, 0
1.293, 1664, 1613, 0, 0
1.24, 1613, 1662, 0, 0
1.237, 1662, 1607, 0, 0
1.233, 1607, 1665, 0, 0
1.187, 1665, 1573, 0, 0
1.224, 1573, 1700, 0, 0
1.221, 1700, 1620, 0, 0
1.2, 1620, 1601, 0, 0
1.291, 1601, 1681, 0, 0
1.299, 1681, 1611, 0, 0
1.232, 1611, 1643, 0, 0
1.262, 1643, 1682, 0, 0
1.229, 1682, 1571, 0, 0
1.2, 1571, 1656, 0, 0
1.383, 1656, 1621, 0, 0
1.248, 1621, 1604, 0, 0
1.31, 1604, 1713, 0, 0
1.286, 1713, 1592, 0, 0
1.253, 1592, 1633, 0, 0
1.23, 1633, 1642, 0, 0
1.205, 1642, 1620, 0, 0
1.235, 1620, 1677, 0, 0
1.226, 1677, 1608, 0, 0
1.267, 1608, 1682, 0, 0
1.278, 1682, 1580, 0, 0
1.241, 1580, 1695, 0, 0
1.253, 1695, 1620, 0, 0
1.204, 1620, 1626, 0, 0
1.206, 1626, 1652, 0, 0
1.212, 1652, 1636, 0, 0
1.219, 1636, 1661, 0, 0
1.266, 1661, 1607, 0, 0
1.32, 1607, 1679, 0, 0
1.27, 1679, 1604, 0, 0
1.286, 1604, 1699, 0, 0
1.213, 1699, 1596, 0, 0
1.229, 1596, 1662, 0, 0
1.216, 1662, 1637, 0, 0
1.205, 1637, 1635, 0, 0
1.258, 1635, 1611, 0, 0
1.248, 1611, 1662, 0, 0
1.241, 1662, 1624, 0, 0
1.244, 1624, 1656, 0, 0
1.206, 1656, 1618, 0, 0
1.23, 1618, 1706, 0, 0
1.203, 1706, 1569, 0, 0
1.195, 1569, 1678, 0, 0
1.354, 1678, 1652, 0, 0
1.283, 1652, 1605, 0, 0
1.274, 1605, 1672, 0, 0
1.277, 1672, 1621, 0, 0
1.252, 1621, 1605, 0, 0
1.255, 1605, 1699, 0, 0
1.595, 1699, 1630, 0, 0
1.309, 1630, 1642, 0, 0
1.332, 1642, 1682, 0, 0
1.272, 1682, 1563, 0, 0
1.193, 1563, 1667, 0, 0
1.252, 1667, 1675, 0, 0
1.265, 1675, 1609, 0, 0
1.212, 1609, 1666, 0, 0
1.207, 1666, 1612, 0, 0
1.249, 1612, 1636, 0, 0
1.208, 1636, 1641, 0, 0
1.233, 1641, 1662, 0, 0
1.211, 1662, 1589, 0, 0
1.202, 1589, 1677, 0, 0
1.757, 1677, 1618, 0, 0
1.272, 1618, 1648, 0, 0
1.307, 1648, 1627, 0, 0
1.246, 1627, 1626, 0, 0
1.247, 1626, 1667, 0, 0
1.282, 1667, 1591, 0, 0
1.312, 1591, 1678, 0, 0
1.262, 1678, 1581, 0, 0
1.285, 1581, 1674, 0, 0
1.272, 1674, 1625, 0, 0
1.265, 1625, 1629, 0, 0
1.367, 1629, 1649, 0, 0
1.322, 1649, 1664, 0, 0
1.314, 1664, 1613, 0, 0
1.293, 1613, 1662, 0, 0
1.246, 1662, 1607, 0, 0
1.235, 1607, 1665, 0, 0
1.222, 1665, 1573, 0, 0
1.25, 1573, 1700, 0, 0
1.238, 1700, 1620, 0, 0
1.222, 1620, 1601, 0, 0
1.228, 1601, 1681, 0, 0
1.262, 1681, 1611, 0, 0
1.244, 1611, 1643, 0, 0
1.257, 1643, 1682, 0, 0
1.266, 1682, 1571, 0, 0
1.209, 1571, 1656, 0, 0
1.203, 1656, 1621, 0, 0
1.184, 1621, 1604, 0, 0
1.225, 1604, 1713, 0, 0
1.232, 1713, 1592, 0, 0
1.186, 1592, 1633, 0, 0
1.225, 1633, 1642, 0, 0
1.259, 1642, 1620, 0, 0
1.248, 1620, 1677, 0, 0
1.208, 1677, 1608, 0, 0
1.21, 1608, 1682, 0, 0
1.198, 1682, 1580, 0, 0
1.435, 1580, 1695, 0, 0
1.347, 1695, 1620, 0, 0
1.3, 1620, 1626, 0, 0
1.306, 1626, 1652, 0, 0
1.269, 1652, 1636, 0, 0
1.245, 1636, 1661, 0, 0
1.236, 1661, 1607, 0, 0
1.243, 1607, 1679, 0, 0
1.252, 1679, 1604, 0, 0
1.216, 1604, 1699, 0, 0
1.212, 1699, 1596, 0, 0
1.271, 1596, 1662, 0, 0
1.401, 1662, 1637, 0, 0
1.271, 1637, 1635, 0, 0
1.26, 1635, 1611, 0, 0
1.276, 1611, 1662, 0, 0
1.252, 1662, 1624, 0, 0
1.214, 1624, 1656, 0, 0
1.209, 1656, 1618, 0, 0
1.283, 1618, 1706, 0, 0
1.256, 1706, 1569, 0, 0
1.249, 1569, 1678, 0, 0
1.262, 1678, 1652, 0, 0
1.267, 1652, 1605, 0, 0
1.231, 1605, 1672, 0, 0
1.217, 1672, 1621, 0, 0
1.245, 1621, 1605, 0, 0
1.225, 1605, 1699, 0, 0
1.247, 1699, 1630, 0, 0
1.205, 1630, 1642, 0, 0
1.245, 1642, 1682, 0, 0
1.219, 1682, 1563, 0, 0
1.191, 1563, 1667, 0, 0
1.233, 1667, 1675, 0, 0
1.277, 1675, 1609, 0, 0
1.211, 1609, 1666, 0, 0
1.204, 1666, 1612, 0, 0
1.211, 1612, 1636, 0, 0
1.395, 1636, 1641, 0, 0
1.3, 1641, 1662, 0, 0
1.258, 1662, 1589, 0, 0
1.271, 1589, 1677, 0, 0
1.278, 1677, 1618, 0, 0
1.221, 1618, 1648, 0, 0
1.228, 1648, 1627, 0, 0
1.235, 1627, 1626, 0, 0
1.214, 1626, 1667, 0, 0
1.253, 1667, 1591, 0, 0
1.207, 1591, 1678, 0, 0
1.2, 1678, 1581, 0, 0
1.255, 1581, 1674, 0, 0
1.261, 1674, 1625, 0, 0
1.23, 1625, 1629, 0, 0
1.241, 1629, 1649, 0, 0
1.273, 1649, 1664, 0, 0
1.252, 1664, 1613, 0, 0
1.209, 1613, 1662, 0, 0
1.202, 1662, 1607, 0, 0
1.259, 1607, 1665, 0, 0
1.204, 1665, 1573, 0, 0
1.205, 1573, 1700, 0, 0
1.221, 1700, 1620, 0, 0
1.185, 1620, 1601, 0, 0
1.274, 1601, 1681, 0, 0
1.244, 1681, 1611, 0, 0
1.229, 1611, 1643, 0, 0
1.296, 1643, 1682, 0, 0
1.196, 1682, 1571, 0, 0
1.194, 1571, 1656, 0, 0
1.207, 1656, 1621, 0, 0
1.188, 1621, 1604, 0, 0
1.302, 1604, 1713, 0, 0
1.254, 1713, 1592, 0, 0
1.217, 1592, 1633, 0, 0
1.274, 1633, 1642, 0, 0
1.201, 1642, 1620, 0, 0
1.214, 1620, 1677, 0, 0
1.358, 1677, 1608, 0, 0
1.26, 1608, 1682, 0, 0
1.262, 1682, 1580, 0, 0
1.276, 1580, 1695, 0, 0
1.27, 1695, 1620, 0, 0
1.194, 1620, 1626, 0, 0
1.207, 1626, 1652, 0, 0
1.212, 1652, 1636, 0, 0
1.213, 1636, 1661, 0, 0
1.254, 1661, 1607, 0, 0
1.224, 1607, 1679, 0, 0
1.239, 1679, 1604, 0, 0
1.301, 1604, 1699, 0, 0
1.264, 1699, 1596, 0, 0
1.235, 1596, 1662, 0, 0
1.247, 1662, 1637, 0, 0
1.233, 1637, 1635, 0, 0
1.23, 1635, 1611, 0, 0
1.211, 1611, 1662, 0, 0
1.213, 1662, 1624, 0, 0
1.274, 1624, 1656, 0, 0
1.216, 1656, 1618, 0, 0
1.279, 1618, 1706, 0, 0
1.238, 1706, 1569, 0, 0
1.226, 1569, 1678, 0, 0
1.245, 1678, 1652, 0, 0
1.198, 1652, 1605, 0, 0
1.386, 1605, 1672, 0, 0
1.287, 1672, 1621, 0, 0
1.255, 1621, 1605, 0, 0
1.288, 1605, 1699, 0, 0
1.261, 1699, 1630, 0, 0
1.223, 1630, 1642, 0, 0
1.278, 1642, 1682, 0, 0
1.189, 1682, 1563, 0, 0
1.192, 1563, 1667, 0, 0
1.288, 1667, 1675, 0, 0
1.232, 1675, 1609, 0, 0
1.224, 1609, 1666, 0, 0
1.222, 1666, 1612, 0, 0
1.19, 1612, 1636, 0, 0
1.24, 1636, 1641, 0, 0
1.219, 1641, 1662, 0, 0
1.195, 1662, 1589, 0, 0
1.257, 1589, 1677, 0, 0
1.214, 1677, 1618, 0, 0
1.225, 1618, 1648, 0, 0
1.208, 1648, 1627, 0, 0
1.218, 1627, 1626, 0, 0
1.243, 1626, 1667, 0, 0
1.197, 1667, 1591, 0, 0
1.205, 1591, 1678, 0, 0
1.244, 1678, 1581, 0, 0
1.24, 1581, 1674, 0, 0
1.245, 1674, 1625, 0, 0
1.23, 1625, 1629, 0, 0
1.23, 1629, 1649, 0, 0
1.441, 1649, 1664, 0, 0
1.329, 1664, 1613, 0, 0
1.325, 1613, 1662, 0, 0
1.272, 1662, 1607, 0, 0
1.273, 1607, 1665, 0, 0
1.257, 1665, 1573, 0, 0
1.287, 1573, 1700, 0, 0
1.241, 1700, 1620, 0, 0
1.2, 1620, 1601, 0, 0
1.367, 1601, 1681, 0, 0
1.274, 1681, 1611, 0, 0
1.26, 1611, 1643, 0, 0
1.292, 1643, 1682, 0, 0
1.196, 1682, 1571, 0, 0
1.187, 1571, 1656, 0, 0
1.269, 1656, 1621, 0, 0
1.261, 1621, 1604, 0, 0
1.258, 1604, 1713, 0, 0
1.286, 1713, 1592, 0, 0
1.22, 1592, 1633, 0, 0
1.239, 1633, 1642, 0, 0
1.235, 1642, 1620, 0, 0
1.235, 1620, 1677, 0, 0
1.536, 1677, 1608, 0, 0
1.284, 1608, 1682, 0, 0
1.264, 1682, 1580, 0, 0
1.264, 1580, 1695, 0, 0
1.239, 1695, 1620, 0, 0
1.197, 1620, 1626, 0, 0
1.228, 1626, 1652, 0, 0
1.238, 1652, 1636, 0, 0
1.218, 1636, 1661, 0, 0
1.22, 1661, 1607, 0, 0
1.256, 1607, 1679, 0, 0
1.383, 1679, 1604, 0, 0
1.3, 1604, 1699, 0, 0
1.276, 1699, 1596, 0, 0
1.251, 1596, 1662, 0, 0
1.267, 1662, 1637, 0, 0
1.206, 1637, 1635, 0, 0
1.215, 1635, 1611, 0, 0
1.26, 1611, 1662, 0, 0
1.238, 1662, 1624, 0, 0
1.261, 1624, 1656, 0, 0
1.238, 1656, 1618, 0, 0
1.252, 1618, 1706, 0, 0
1.256, 1706, 1569, 0, 0
1.197, 1569, 1678, 0, 0
1.23, 1678, 1652, 0, 0
1.261, 1652, 1605, 0, 0
1.226, 1605, 1672, 0, 0
1.243, 1672, 1621, 0, 0
1.216, 1621, 1605, 0, 0
1.236, 1605, 1699, 0, 0
1.24, 1699, 1630, 0, 0
1.206, 1630, 1642, 0, 0
1.23, 1642, 1682, 0, 0
1.248, 1682, 1563, 0, 0
1.233, 1563, 1667, 0, 0
1.268, 1667, 1675, 0, 0
1.243, 1675, 1609, 0, 0
1.348, 1609, 1666, 0, 0
1.235, 1666, 1612, 0, 0
1.226, 1612, 1636, 0, 0
1.228, 1636, 1641, 0, 0
1.273, 1641, 1662, 0, 0
1.215, 1662, 1589, 0, 0
1.224, 1589, 1677, 0, 0
1.376, 1677, 1618, 0, 0
1.262, 1618, 1648, 0, 0
1.267, 1648, 1627, 0, 0
1.262, 1627, 1626, 0, 0
1.291, 1626, 1667, 0, 0
1.389, 1667, 1591, 0, 0
1.272, 1591, 1678, 0, 0
1.263, 1678, 1581, 0, 0
1.254, 1581, 1674, 0, 0
1.234, 1674, 1625, 0, 0
1.2, 1625, 1629, 0, 0
1.204, 1629, 1649, 0, 0
1.254, 1649, 1664, 0, 0
1.204, 1664, 1613, 0, 0
1.264, 1613, 1662, 0, 0
1.24, 1662, 1607, 0, 0
1.239, 1607, 1665, 0, 0
1.262, 1665, 1573, 0, 0
1.239, 1573, 1700, 0, 0
1.255, 1700, 1620, 0, 0
1.255, 1620, 1601, 0, 0
1.228, 1601, 1681, 0, 0
1.209, 1681, 1611, 0, 0
1.213, 1611, 1643, 0, 0
1.246, 1643, 1682, 0, 0
1.23, 1682, 1571, 0, 0
1.191, 1571, 1656, 0, 0
1.205, 1656, 1621, 0, 0
1.237, 1621, 1604, 0, 0
1.226, 1604, 1713, 0, 0
1.214, 1713, 1592, 0, 0
1.357, 1592, 1633, 0, 0
1.226, 1633, 1642, 0, 0
1.284, 1642, 1620, 0, 0
1.282, 1620, 1677, 0, 0
1.273, 1677, 1608, 0, 0
1.283, 1608, 1682, 0, 0
1.2, 1682, 1580, 0, 0
1.215, 1580, 1695, 0, 0
1.221, 1695, 1620, 0, 0
1.245, 1620, 1626, 0, 0
1.228, 1626, 1652, 0, 0
1.27, 1652, 1636, 0, 0
1.286, 1636, 1661, 0, 0
1.266, 1661, 1607, 0, 0
1.21, 1607, 1679, 0, 0
1.203, 1679, 1604, 0, 0
1.252, 1604, 1699, 0, 0
1.225, 1699, 1596, 0, 0
1.201, 1596, 1662, 0, 0
1.235, 1662, 1637, 0, 0
1.252, 1637, 1635, 0, 0
1.195, 1635, 1611, 0, 0
1.222, 1611, 1662, 0, 0
1.208, 1662, 1624, 0, 0
1.211, 1624, 1656, 0, 0
1.294, 1656, 1618, 0, 0
1.228, 1618, 1706, 0, 0
1.275, 1706, 1569, 0, 0
1.264, 1569, 1678, 0, 0
1.289, 1678, 1652, 0, 0
1.194, 1652, 1605, 0, 0
1.232, 1605, 1672, 0, 0
1.298, 1672, 1621, 0, 0
1.293, 1621, 1605, 0, 0
1.29, 1605, 1699, 0, 0
1.291, 1699, 1630, 0, 0
1.292, 1630, 1642, 0, 0
1.279, 1642, 1682, 0, 0
1.227, 1682, 1563, 0, 0
1.354, 1563, 1667, 0, 0
1.274, 1667, 1675, 0, 0
1.275, 1675, 1609, 0, 0
1.275, 1609, 1666, 0, 0
1.248, 1666, 1612, 0, 0
1.242, 1612, 1636, 0, 0
1.207, 1636, 1641, 0, 0
1.268, 1641, 1662, 0, 0
1.243, 1662, 1589, 0, 0
1.279, 1589, 1677, 0, 0
1.249, 1677, 1618, 0, 0
1.24, 1618, 1648, 0, 0
1.269, 1648, 1627, 0, 0
1.236, 1627, 1626, 0, 0
1.245, 1626, 1667, 0, 0
1.196, 1667, 1591, 0, 0
1.222, 1591, 1678, 0, 0
1.233, 1678, 1581, 0, 0
1.201, 1581, 1674, 0, 0
1.215, 1674, 1625, 0, 0
1.276, 1625, 1629, 0, 0
1.207, 1629, 1649, 0, 0
1.243, 1649, 1664, 0, 0
1.286, 1664, 1613, 0, 0
1.243, 1613, 1662, 0, 0
1.254, 1662, 1607, 0, 0
1.235, 1607, 1665, 0, 0
1.395, 1665, 1573, 0, 0
1.265, 1573, 1700, 0, 0
1.287, 1700, 1620, 0, 0
1.246, 1620, 1601, 0, 0
1.26, 1601, 1681, 0, 0
1.227, 1681, 1611, 0, 0
1.285, 1611, 1643, 0, 0
1.278, 1643, 1682, 0, 0
1.369, 1682, 1571, 0, 0
1.264, 1571, 1656, 0, 0
1.271, 1656, 1621, 0, 0
1.246, 1621, 1604, 0, 0
1.229, 1604, 1713, 0, 0
1.332, 1713, 1592, 0, 0
1.353, 1592, 1633, 0, 0
1.271, 1633, 1642, 0, 0
1.271, 1642, 1620, 0, 0
1.281, 1620, 1677, 0, 0
1.207, 1677, 1608, 0, 0
1.242, 1608, 1682, 0, 0
1.194, 1682, 1580, 0, 0
1.247, 1580, 1695, 0, 0
1.222, 1695, 1620, 0, 0
1.247, 1620, 1626, 0, 0
1.232, 1626, 1652, 0, 0
1.239, 1652, 1636, 0, 0
1.245, 1636, 1661, 0, 0
1.251, 1661, 1607, 0, 0
1.219, 1607, 1679, 0, 0
1.256, 1679, 1604, 0, 0
1.243, 1604, 1699, 0, 0
1.26, 1699, 1596, 0, 0
1.232, 1596, 1662, 0, 0
1.242, 1662, 1637, 0, 0
1.237, 1637, 1635, 0, 0
1.232, 1635, 1611, 0, 0
1.208, 1611, 1662, 0, 0
1.227, 1662, 1624, 0, 0
1.291, 1624, 1656, 0, 0
1.333, 1656, 1618, 0, 0
1.289, 1618, 1706, 0, 0
1.27, 1706, 1569, 0, 0
1.27, 1569, 1678, 0, 0
1.233, 1678, 1652, 0, 0
1.199, 1652, 1605, 0, 0
1.256, 1605, 1672, 0, 0
1.234, 1672, 1621, 0, 0
1.263, 1621, 1605, 0, 0
1.255, 1605, 1699, 0, 0
1.259, 1699, 1630, 0, 0
1.239, 1630, 1642, 0, 0
1.225, 1642, 1682, 0, 0
1.228, 1682, 1563, 0, 0
1.191, 1563, 1667, 0, 0
1.235, 1667, 1675, 0, 0
1.262, 1675, 1609, 0, 0
1.22, 1609, 1666, 0, 0
1.233, 1666, 1612, 0, 0
1.212, 1612, 1636, 0, 0
1.21, 1636, 1641, 0, 0
1.243, 1641, 1662, 0, 0
1.189, 1662, 1589, 0, 0
1.202, 1589, 1677, 0, 0
1.269, 1677, 1618, 0, 0
1.326, 1618, 1648, 0, 0
1.292, 1648, 1627, 0, 0
1.264, 1627, 1626, 0, 0
1.278, 1626, 1667, 0, 0
1.268, 1667, 1591, 0, 0
1.206, 1591, 1678, 0, 0
1.223, 1678, 1581, 0, 0
1.26, 1581, 1674, 0, 0
1.246, 1674, 1625, 0, 0
1.245, 1625, 1629, 0, 0
1.242, 1629, 1649, 0, 0
1.22, 1649, 1664, 0, 0
1.481, 1664, 1613, 0, 0
1.224, 1613, 1662, 0, 0
1.287, 1662, 1607, 0, 0
1.273, 1607, 1665, 0, 0
1.256, 1665, 1573, 0, 0
1.279, 1573, 1700, 0, 0
1.249, 1700, 1620, 0, 0
1.204, 1620, 1601, 0, 0
1.248, 1601, 1681, 0, 0
1.21, 1681, 1611, 0, 0
1.249, 1611, 1643, 0, 0
1.231, 1643, 1682, 0, 0
1.198, 1682, 1571, 0, 0
1.193, 1571, 1656, 0, 0
1.224, 1656, 1621, 0, 0
1.186, 1621, 1604, 0, 0
1.279, 1604, 1713, 0, 0
1.213, 1713, 1592, 0, 0
1.238, 1592, 1633, 0, 0
1.207, 1633, 1642, 0, 0
1.219, 1642, 1620, 0, 0
1.214, 1620, 1677, 0, 0
1.204, 1677, 1608, 0, 0
1.486, 1608, 1682, 0, 0
1.298, 1682, 1580, 0, 0
1.308, 1580, 1695, 0, 0
1.293, 1695, 1620, 0, 0
1.363, 1620, 1626, 0, 0
1.268, 1626, 1652, 0, 0
1.277, 1652, 1636, 0, 0
1.279, 1636, 1661, 0, 0
1.24, 1661, 1607, 0, 0
1.233, 1607, 1679, 0, 0
1.242, 1679, 1604, 0, 0
1.228, 1604, 1699, 0, 0
1.212, 1699, 1596, 0, 0
1.228, 1596, 1662, 0, 0
1.214, 1662, 1637, 0, 0
1.203, 1637, 1635, 0, 0
1.253, 1635, 1611, 0, 0
1.228, 1611, 1662, 0, 0
1.255, 1662, 1624, 0, 0
1.21, 1624, 1656, 0, 0
1.208, 1656, 1618, 0, 0
1.247, 1618, 1706, 0, 0
1.204, 1706, 1569, 0, 0
1.199, 1569, 1678, 0, 0
1.245, 1678, 1652, 0, 0
1.216, 1652, 1605, 0, 0
1.26, 1605, 1672, 0, 0
1.254, 1672, 1621, 0, 0
1.221, 1621, 1605, 0, 0
1.254, 1605, 1699, 0, 0
1.401, 1699, 1630, 0, 0
1.24, 1630, 1642, 0, 0
1.397, 1642, 1682, 0, 0
1.256, 1682, 1563, 0, 0
1.276, 1563, 1667, 0, 0
1.3, 1667, 1675, 0, 0
1.233, 1675, 1609, 0, 0
1.206, 1609, 1666, 0, 0
1.204, 1666, 1612, 0, 0
1.236, 1612, 1636, 0, 0
1.237, 1636, 1641, 0, 0
1.25, 1641, 1662, 0, 0
1.282, 1662, 1589, 0, 0
1.233, 1589, 1677, 0, 0
1.244, 1677, 1618, 0, 0
1.235, 1618, 1648, 0, 0
1.205, 1648, 1627, 0, 0
1.215, 1627, 1626, 0, 0
1.214, 1626, 1667, 0, 0
1.198, 1667, 1591, 0, 0
1.257, 1591, 1678, 0, 0
1.214, 1678, 1581, 0, 0
1.216, 1581, 1674, 0, 0
1.227, 1674, 1625, 0, 0
1.196, 1625, 1629, 0, 0
1.257, 1629, 1649, 0, 0
1.221, 1649, 1664, 0, 0
1.207, 1664, 1613, 0, 0
1.258, 1613, 1662, 0, 0
1.205, 1662, 1607, 0, 0
1.228, 1607, 1665, 0, 0
1.2, 1665, 1573, 0, 0
1.206, 1573, 1700, 0, 0
1.291, 1700, 1620, 0, 0
1.216, 1620, 1601, 0, 0
1.279, 1601, 1681, 0, 0
1.24, 1681, 1611, 0, 0
1.228, 1611, 1643, 0, 0
1.259, 1643, 1682, 0, 0
1.331, 1682, 1571, 0, 0
1.271, 1571, 1656, 0, 0
1.271, 1656, 1621, 0, 0
1.252, 1621, 1604, 0, 0
1.293, 1604, 1713, 0, 0
1.232, 1713, 1592, 0, 0
1.187, 1592, 1633, 0, 0
1.206, 1633, 1642, 0, 0
1.221, 1642, 1620, 0, 0
1.217, 1620, 1677, 0, 0
1.292, 1677, 1608, 0, 0
1.245, 1608, 1682, 0, 0
1.266, 1682, 1580, 0, 0
1.223, 1580, 1695, 0, 0
1.221, 1695, 1620, 0, 0
1.193, 1620, 1626, 0, 0
1.206, 1626, 1652, 0, 0
1.233, 1652, 1636, 0, 0
1.284, 1636, 1661, 0, 0
1.233, 1661, 1607, 0, 0
1.286, 1607, 1679, 0, 0
1.204, 1679, 1604, 0, 0
1.235, 1604, 1699, 0, 0
1.209, 1699, 1596, 0, 0
1.199, 1596, 1662, 0, 0
1.238, 1662, 1637, 0, 0
1.201, 1637, 1635, 0, 0
1.349, 1635, 1611, 0, 0
1.27, 1611, 1662, 0, 0
1.271, 1662, 1624, 0, 0
1.269, 1624, 1656, 0, 0
1.272, 1656, 1618, 0, 0
1.225, 1618, 1706, 0, 0
1.251, 1706, 1569, 0, 0
1.22, 1569, 1678, 0, 0
1.229, 1678, 1652, 0, 0
1.247, 1652, 1605, 0, 0
1.208, 1605, 1672, 0, 0
1.213, 1672, 1621, 0, 0
1.189, 1621, 1605, 0, 0
1.223, 1605, 1699, 0, 0
1.257, 1699, 1630, 0, 0
1.204, 1630, 1642, 0, 0
1.243, 1642, 1682, 0, 0
1.257, 1682, 1563, 0, 0
1.227, 1563, 1667, 0, 0
1.265, 1667, 1675, 0, 0
1.244, 1675, 1609, 0, 0
1.209, 1609, 1666, 0, 0
1.233, 1666, 1612, 0, 0
1.193, 1612, 1636, 0, 0
1.207, 1636, 1641, 0, 0
1.268, 1641, 1662, 0, 0
1.243, 1662, 1589, 0, 0
1.235, 1589, 1677, 0, 0
1.247, 1677, 1618, 0, 0
1.205, 1618, 1648, 0, 0
1.257, 1648, 1627, 0, 0
1.198, 1627, 1626, 0, 0
1.268, 1626, 1667, 0, 0
1.233, 1667, 1591, 0, 0
1.24, 1591, 1678, 0, 0
1.246, 1678, 1581, 0, 0
1.228, 1581, 1674, 0, 0
1.214, 1674, 1625, 0, 0
1.337, 1625, 1629, 0, 0
1.271, 1629, 1649, 0, 0
1.301, 1649, 1664, 0, 0
1.273, 1664, 1613, 0, 0
1.272, 1613, 1662, 0, 0
1.221, 1662, 1607, 0, 0
1.208, 1607, 1665, 0, 0
1.187, 1665, 1573, 0, 0
1.539, 1573, 1700, 0, 0
1.3, 1700, 1620, 0, 0
1.286, 1620, 1601, 0, 0
1.311, 1601, 1681, 0, 0
1.287, 1681, 1611, 0, 0
1.197, 1611, 1643, 0, 0
1.26, 1643, 1682, 0, 0
1.379, 1682, 1571, 0, 0
1.258, 1571, 1656, 0, 0
1.274, 1656, 1621, 0, 0
1.248, 1621, 1604, 0, 0
1.259, 1604, 1713, 0, 0
1.263, 1713, 1592, 0, 0
1.187, 1592, 1633, 0, 0
1.228, 1633, 1642, 0, 0
1.229, 1642, 1620, 0, 0
1.218, 1620, 1677, 0, 0
1.257, 1677, 1608, 0, 0
1.21, 1608, 1682, 0, 0
1.356, 1682, 1580, 0, 0
1.26, 1580, 1695, 0, 0
1.29, 1695, 1620, 0, 0
1.263, 1620, 1626, 0, 0
1.294, 1626, 1652, 0, 0
1.245, 1652, 1636, 0, 0
1.275, 1636, 1661, 0, 0
1.211, 1661, 1607, 0, 0
1.229, 1607, 1679, 0, 0
1.207, 1679, 1604, 0, 0
1.236, 1604, 1699, 0, 0
1.256, 1699, 1596, 0, 0
1.25, 1596, 1662, 0, 0
1.245, 1662, 1637, 0, 0
1.275, 1637, 1635, 0, 0
1.193, 1635, 1611, 0, 0
1.206, 1611, 1662, 0, 0
1.209, 1662, 1624, 0, 0
1.207, 1624, 1656, 0, 0
1.234, 1656, 1618, 0, 0
1.23, 1618, 1706, 0, 0
1.221, 1706, 1569, 0, 0
1.251, 1569, 1678, 0, 0
1.232, 1678, 1652, 0, 0
1.201, 1652, 1605, 0, 0
1.208, 1605, 1672, 0, 0
1.214, 1672, 1621, 0, 0
1.242, 1621, 1605, 0, 0
1.243, 1605, 1699, 0, 0
1.23, 1699, 1630, 0, 0
1.266, 1630, 1642, 0, 0
1.227, 1642, 1682, 0, 0
1.192, 1682, 1563, 0, 0
1.189, 1563, 1667, 0, 0
1.403, 1667, 1675, 0, 0
1.282, 1675, 1609, 0, 0
1.273, 1609, 1666, 0, 0
1.274, 1666, 1612, 0, 0
1.266, 1612, 1636, 0, 0
1.384, 1636, 1641, 0, 0
1.271, 1641, 1662, 0, 0
1.26, 1662, 1589, 0, 0
1.27, 1589, 1677, 0, 0
1.246, 1677, 1618, 0, 0
1.204, 1618, 1648, 0, 0
1.233, 1648, 1627, 0, 0
1.198, 1627, 1626, 0, 0
1.234, 1626, 1667, 0, 0
1.224, 1667, 1591, 0, 0
1.202, 1591, 1678, 0, 0
1.197, 1678, 1581, 0, 0
1.254, 1581, 1674, 0, 0
1.215, 1674, 1625, 0, 0
1.248, 1625, 1629, 0, 0
1.245, 1629, 1649, 0, 0
1.252, 1649, 1664, 0, 0
1.235, 1664, 1613, 0, 0
1.235, 1613, 1662, 0, 0
1.208, 1662, 1607, 0, 0
1.5, 1607, 1665, 0, 0
1.255, 1665, 1573, 0, 0
1.289, 1573, 1700, 0, 0
1.294, 1700, 1620, 0, 0
1.228, 1620, 1601, 0, 0
1.23, 1601, 1681, 0, 0
1.418, 1681, 1611, 0, 0
1.263, 1611, 1643, 0, 0
1.294, 1643, 1682, 0, 0
1.247, 1682, 1571, 0, 0
1.192, 1571, 1656, 0, 0
1.207, 1656, 1621, 0, 0
1.208, 1621, 1604, 0, 0
1.244, 1604, 1713, 0, 0
1.217, 1713, 1592, 0, 0
1.241, 1592, 1633, 0, 0
1.243, 1633, 1642, 0, 0
1.272, 1642, 1620, 0, 0
1.244, 1620, 1677, 0, 0
1.224, 1677, 1608, 0, 0
1.212, 1608, 1682, 0, 0
1.208, 1682, 1580, 0, 0
1.224, 1580, 1695, 0, 0
1.24, 1695, 1620, 0, 0
1.196, 1620, 1626, 0, 0
1.259, 1626, 1652, 0, 0
1.218, 1652, 1636, 0, 0
1.215, 1636, 1661, 0, 0
1.219, 1661, 1607, 0, 0
1.229, 1607, 1679, 0, 0
1.204, 1679, 1604, 0, 0
1.284, 1604, 1699, 0, 0
1.245, 1699, 1596, 0, 0
1.266, 1596, 1662, 0, 0
1.238, 1662, 1637, 0, 0
1.204, 1637, 1635, 0, 0
1.193, 1635, 1611, 0, 0
1.204, 1611, 1662, 0, 0
1.222, 1662, 1624, 0, 0
1.431, 1624, 1656, 0, 0
1.27, 1656, 1618, 0, 0
1.298, 1618, 1706, 0, 0
1.235, 1706, 1569, 0, 0
1.23, 1569, 1678, 0, 0
1.33, 1678, 1652, 0, 0
1.426, 1652, 1605, 0, 0
1.311, 1605, 1672, 0, 0
1.312, 1672, 1621, 0, 0
1.25, 1621, 1605, 0, 0
1.28, 1605, 1699, 0, 0
1.242, 1699, 1630, 0, 0
1.22, 1630, 1642, 0, 0
1.226, 1642, 1682, 0, 0
1.191, 1682, 1563, 0, 0
1.255, 1563, 1667, 0, 0
1.306, 1667, 1675, 0, 0
1.272, 1675, 1609, 0, 0
1.255, 1609, 1666, 0, 0
1.243, 1666, 1612, 0, 0
1.226, 1612, 1636, 0, 0
1.24, 1636, 1641, 0, 0
1.216, 1641, 1662, 0, 0
1.227, 1662, 1589, 0, 0
1.222, 1589, 1677, 0, 0
1.264, 1677, 1618, 0, 0
1.365, 1618, 1648, 0, 0
1.292, 1648, 1627, 0, 0
1.264, 1627, 1626, 0, 0
1.28, 1626, 1667, 0, 0
1.266, 1667, 1591, 0, 0
1.218, 1591, 1678, 0, 0
1.363, 1678, 1581, 0, 0
1.267, 1581, 1674, 0, 0
1.282, 1674, 1625, 0, 0
1.261, 1625, 1629, 0, 0
1.244, 1629, 1649, 0, 0
1.239, 1649, 1664, 0, 0
1.286, 1664, 1613, 0, 0
1.258, 1613, 1662, 0, 0
1.238, 1662, 1607, 0, 0
1.266, 1607, 1665, 0, 0
1.224, 1665, 1573, 0, 0
1.24, 1573, 1700, 0, 0
1.257, 1700, 1620, 0, 0
1.199, 1620, 1601, 0, 0
1.245, 1601, 1681, 0, 0
1.209, 1681, 1611, 0, 0
1.232, 1611, 1643, 0, 0
1.227, 1643, 1682, 0, 0
1.213, 1682, 1571, 0, 0
1.193, 1571, 1656, 0, 0
1.269, 1656, 1621, 0, 0
1.212, 1621, 1604, 0, 0
1.278, 1604, 1713, 0, 0
1.253, 1713, 1592, 0, 0
1.245, 1592, 1633, 0, 0
1.211, 1633, 1642, 0, 0
1.203, 1642, 1620, 0, 0
1.238, 1620, 1677, 0, 0
1.235, 1677, 1608, 0, 0
1.213, 1608, 1682, 0, 0
1.251, 1682, 1580, 0, 0
1.209, 1580, 1695, 0, 0
1.257, 1695, 1620, 0, 0
1.226, 1620, 1626, 0, 0
1.206, 1626, 1652, 0, 0
1.257, 1652, 1636, 0, 0
1.214, 1636, 1661, 0, 0
1.221, 1661, 1607, 0, 0
1.229, 1607, 1679, 0, 0
1.274, 1679, 1604, 0, 0
1.345, 1604, 1699, 0, 0
1.277, 1699, 1596, 0, 0
1.271, 1596, 1662, 0, 0
1.223, 1662, 1637, 0, 0
1.222, 1637, 1635, 0, 0
1.21, 1635, 1611, 0, 0
1.287, 1611, 1662, 0, 0
1.242, 1662, 1624, 0, 0
1.272, 1624, 1656, 0, 0
1.227, 1656, 1618, 0, 0
1.225, 1618, 1706, 0, 0
1.218, 1706, 1569, 0, 0
1.197, 1569, 1678, 0, 0
1.284, 1678, 1652, 0, 0
1.224, 1652, 1605, 0, 0
1.238, 1605, 1672, 0, 0
1.279, 1672, 1621, 0, 0
1.204, 1621, 1605, 0, 0
1.221, 1605, 1699, 0, 0
1.243, 1699, 1630, 0, 0
1.205, 1630, 1642, 0, 0
1.264, 1642, 1682, 0, 0
1.229, 1682, 1563, 0, 0
1.21, 1563, 1667, 0, 0
1.288, 1667, 1675, 0, 0
1.376, 1675, 1609, 0, 0
1.208, 1609, 1666, 0, 0
1.277, 1666, 1612, 0, 0
1.26, 1612, 1636, 0, 0
1.262, 1636, 1641, 0, 0
1.254, 1641, 1662, 0, 0
1.261, 1662, 1589, 0, 0
1.245, 1589, 1677, 0, 0
1.245, 1677, 1618, 0, 0
1.238, 1618, 1648, 0, 0
1.235, 1648, 1627, 0, 0
1.206, 1627, 1626, 0, 0
1.265, 1626, 1667, 0, 0
1.209, 1667, 1591, 0, 0
1.295, 1591, 1678, 0, 0
1.23, 1678, 1581, 0, 0
1.233, 1581, 1674, 0, 0
1.246, 1674, 1625, 0, 0
1.234, 1625, 1629, 0, 0
1.207, 1629, 1649, 0, 0
1.255, 1649, 1664, 0, 0
1.207, 1664, 1613, 0, 0
1.265, 1613, 1662, 0, 0
1.204, 1662, 1607, 0, 0
1.224, 1607, 1665, 0, 0
1.186, 1665, 1573, 0, 0
1.207, 1573, 1700, 0, 0
1.221, 1700, 1620, 0, 0
1.238, 1620, 1601, 0, 0
1.228, 1601, 1681, 0, 0
1.263, 1681, 1611, 0, 0
1.236, 1611, 1643, 0, 0
1.265, 1643, 1682, 0, 0
1.231, 1682, 1571, 0, 0
1.225, 1571, 1656, 0, 0
1.205, 1656, 1621, 0, 0
1.266, 1621, 1604, 0, 0
1.259, 1604, 1713, 0, 0
1.281, 1713, 1592, 0, 0
1.211, 1592, 1633, 0, 0
1.372, 1633, 1642, 0, 0
1.251, 1642, 1620, 0, 0
1.283, 1620, 1677, 0, 0
1.273, 1677, 1608, 0, 0
1.22, 1608, 1682, 0, 0
1.199, 1682, 1580, 0, 0
1.263, 1580, 1695, 0, 0
1.237, 1695, 1620, 0, 0
1.251, 1620, 1626, 0, 0
1.238, 1626, 1652, 0, 0
1.233, 1652, 1636, 0, 0
1.265, 1636, 1661, 0, 0
1.199, 1661, 1607, 0, 0
1.225, 1607, 1679, 0, 0
1.258, 1679, 1604, 0, 0
1.216, 1604, 1699, 0, 0
1.212, 1699, 1596, 0, 0
1.228, 1596, 1662, 0, 0
1.228, 1662, 1637, 0, 0
1.261, 1637, 1635, 0, 0
1.221, 1635, 1611, 0, 0
1.239, 1611, 1662, 0, 0
1.271, 1662, 1624, 0, 0
1.217, 1624, 1656, 0, 0
1.204, 1656, 1618, 0, 0
1.265, 1618, 1706, 0, 0
1.372, 1706, 1569, 0, 0
1.262, 1569, 1678, 0, 0
1.294, 1678, 1652, 0, 0
1.27, 1652, 1605, 0, 0
1.206, 1605, 1672, 0, 0
1.208, 1672, 1621, 0, 0
1.187, 1621, 1605, 0, 0
1.218, 1605, 1699, 0, 0
1.24, 1699, 1630, 0, 0
1.254, 1630, 1642, 0, 0
1.3, 1642, 1682, 0, 0
1.269, 1682, 1563, 0, 0
1.248, 1563, 1667, 0, 0
1.274, 1667, 1675, 0, 0
1.239, 1675, 1609, 0, 0
1.242, 1609, 1666, 0, 0
1.208, 1666, 1612, 0, 0
1.227, 1612, 1636, 0, 0
1.224, 1636, 1641, 0, 0
1.27, 1641, 1662, 0, 0
1.195, 1662, 1589, 0, 0
1.22, 1589, 1677, 0, 0
1.209, 1677, 1618, 0, 0
1.201, 1618, 1648, 0, 0
1.205, 1648, 1627, 0, 0
1.287, 1627, 1626, 0, 0
1.215, 1626, 1667, 0, 0
1.246, 1667, 1591, 0, 0
1.207, 1591, 1678, 0, 0
1.197, 1678, 1581, 0, 0
1.197, 1581, 1674, 0, 0
1.212, 1674, 1625, 0, 0
1.201, 1625, 1629, 0, 0
1.261, 1629, 1649, 0, 0
1.242, 1649, 1664, 0, 0
1.26, 1664, 1613, 0, 0
1.24, 1613, 1662, 0, 0
1.233, 1662, 1607, 0, 0
0.788, 0, 1665, 0, 0
1.006, 0, 824, 0, 0
