1.102, 4096, 0, 0, 0
0.318, 0, 2074, 0, 0
0.839, 2074, 2022, 0, 0
0.691, 2022, 1040, 0, 0
0.575, 1040, 2008, 0, 0
0.764, 2008, 1554, 0, 0
0.639, 1554, 1536, 0, 0
0.681, 1536, 1801, 0, 0
0.702, 1801, 1527, 0, 0
0.658, 1527, 1717, 0, 0
0.693, 1717, 1602, 0, 0
0.666, 1602, 1641, 0, 0
0.684, 1641, 1669, 0, 0
0.688, 1669, 1608, 0, 0
0.672, 1608, 1661, 0, 0
0.683, 1661, 1630, 0, 0
0.667, 1630, 1601, 0, 0
0.675, 1601, 1700, 0, 0
0.691, 1700, 1630, 0, 0
0.722, 1630, 1642, 0, 0
0.683, 1642, 1682, 0, 0
0.676, 1682, 1563, 0, 0
0.661, 1563, 1667, 0, 0
0.687, 1667, 1675, 0, 0
0.548, 1675, 1609, 0, 0
0.428, 1609, 1666, 0, 0
0.436, 1666, 1612, 0, 0
0.425, 1612, 1636, 0, 0
0.433, 1636, 1641, 0, 0
0.441, 1641, 1662, 0, 0
0.433, 1662, 1589, 0, 0
0.426, 1589, 1677, 0, 0
0.438, 1677, 1618, 0, 0
0.427, 1618, 1648, 0, 0
0.433, 1648, 1627, 0, 0
0.429, 1627, 1626, 0, 0
0.433, 1626, 1667, 0, 0
0.432, 1667, 1591, 0, 0
0.433, 1591, 1678, 0, 0
0.44, 1678, 1581, 0, 0
0.427, 1581, 1674, 0, 0
0.438, 1674, 1625, 0, 0
0.43, 1625, 1629, 0, 0
0.431, 1629, 1649, 0, 0
0.438, 1649, 1664, 0, 0
0.432, 1664, 1613, 0, 0
0.429, 1613, 1662, 0, 0
0.432, 1662, 1607, 0, 0
0.429, 1607, 1665, 0, 0
0.432, 1665, 1573, 0, 0
0.426, 1573, 1700, 0, 0
0.449, 1700, 1620, 0, 0
0.427, 1620, 1601, 0, 0
0.433, 1601, 1681, 0, 0
0.437, 1681, 1611, 0, 0
0.428, 1611, 1643, 0, 0
0.439, 1643, 1682, 0, 0
0.446, 1682, 1571, 0, 0
0.423, 1571, 1656, 0, 0
0.439, 1656, 1621, 0, 0
0.426, 1621, 1604, 0, 0
0.436, 1604, 1713, 0, 0
0.441, 1713, 1592, 0, 0
0.424, 1592, 1633, 0, 0
0.433, 1633, 1642, 0, 0
0.433, 1642, 1620, 0, 0
0.433, 1620, 1677, 0, 0
0.437, 1677, 1608, 0, 0
0.432, 1608, 1682, 0, 0
0.44, 1682, 1580, 0, 0
0.429, 1580, 1695, 0, 0
0.439, 1695, 1620, 0, 0
0.429, 1620, 1626, 0, 0
0.431, 1626, 1652, 0, 0
0.435, 1652, 1636, 0, 0
0.433, 1636, 1661, 0, 0
0.435, 1661, 1607, 0, 0
0.431, 1607, 1679, 0, 0
0.436, 1679, 1604, 0, 0
0.435, 1604, 1699, 0, 0
0.441, 1699, 1596, 0, 0
0.428, 1596, 1662, 0, 0
0.436, 1662, 1637, 0, 0
0.432, 1637, 1635, 0, 0
0.438, 1635, 1611, 0, 0
0.429, 1611, 1662, 0, 0
0.433, 1662, 1624, 0, 0
0.351, 1624, 1656, 0, 0
0.293, 1656, 1618, 0, 0
0.292, 1618, 1706, 0, 0
0.296, 1706, 1569, 0, 0
0.287, 1569, 1678, 0, 0
0.301, 1678, 1652, 0, 0
0.438, 1652, 1605, 0, 0
0.346, 1605, 1672, 0, 0
0.309, 1672, 1621, 0, 0
0.297, 1621, 1605, 0, 0
0.294, 1605, 1699, 0, 0
0.317, 1699, 1630, 0, 0
0.301, 1630, 1642, 0, 0
0.304, 1642, 1682, 0, 0
0.308, 1682, 1563, 0, 0
0.296, 1563, 1667, 0, 0
0.305, 1667, 1675, 0, 0
0.302, 1675, 1609, 0, 0
0.298, 1609, 1666, 0, 0
0.301, 1666, 1612, 0, 0
0.296, 1612, 1636, 0, 0
0.298, 1636, 1641, 0, 0
0.302, 1641, 1662, 0, 0
0.307, 1662, 1589, 0, 0
0.296, 1589, 1677, 0, 0
0.303, 1677, 1618, 0, 0
0.299, 1618, 1648, 0, 0
0.298, 1648, 1627, 0, 0
0.298, 1627, 1626, 0, 0
0.301, 1626, 1667, 0, 0
0.3, 1667, 1591, 0, 0
0.297, 1591, 1678, 0, 0
0.309, 1678, 1581, 0, 0
0.3, 1581, 1674, 0, 0
0.294, 1674, 1625, 0, 0
0.292, 1625, 1629, 0, 0
0.291, 1629, 1649, 0, 0
0.294, 1649, 1664, 0, 0
0.292, 1664, 1613, 0, 0
0.29, 1613, 1662, 0, 0
0.293, 1662, 1607, 0, 0
0.29, 1607, 1665, 0, 0
0.291, 1665, 1573, 0, 0
0.287, 1573, 1700, 0, 0
0.297, 1700, 1620, 0, 0
0.288, 1620, 1601, 0, 0
0.292, 1601, 1681, 0, 0
0.295, 1681, 1611, 0, 0
0.29, 1611, 1643, 0, 0
0.295, 1643, 1682, 0, 0
0.293, 1682, 1571, 0, 0
0.334, 1571, 1656, 0, 0
0.33, 1656, 1621, 0, 0
0.294, 1621, 1604, 0, 0
0.293, 1604, 1713, 0, 0
0.298, 1713, 1592, 0, 0
0.287, 1592, 1633, 0, 0
0.291, 1633, 1642, 0, 0
0.295, 1642, 1620, 0, 0
0.292, 1620, 1677, 0, 0
0.311, 1677, 1608, 0, 0
0.291, 1608, 1682, 0, 0
0.294, 1682, 1580, 0, 0
0.291, 1580, 1695, 0, 0
0.294, 1695, 1620, 0, 0
0.275, 1620, 1626, 0, 0
0.314, 1626, 1652, 0, 0
0.343, 1652, 1636, 0, 0
0.348, 1636, 1661, 0, 0
0.297, 1661, 1607, 0, 0
0.29, 1607, 1679, 0, 0
0.304, 1679, 1604, 0, 0
0.302, 1604, 1699, 0, 0
0.304, 1699, 1596, 0, 0
0.298, 1596, 1662, 0, 0
0.304, 1662, 1637, 0, 0
0.298, 1637, 1635, 0, 0
0.3, 1635, 1611, 0, 0
0.299, 1611, 1662, 0, 0
0.302, 1662, 1624, 0, 0
0.299, 1624, 1656, 0, 0
0.302, 1656, 1618, 0, 0
0.303, 1618, 1706, 0, 0
0.297, 1706, 1569, 0, 0
0.287, 1569, 1678, 0, 0
0.298, 1678, 1652, 0, 0
0.291, 1652, 1605, 0, 0
0.292, 1605, 1672, 0, 0
0.297, 1672, 1621, 0, 0
0.281, 1621, 1605, 0, 0
0.291, 1605, 1699, 0, 0
0.292, 1699, 1630, 0, 0
0.283, 1630, 1642, 0, 0
0.29, 1642, 1682, 0, 0
0.284, 1682, 1563, 0, 0
0.279, 1563, 1667, 0, 0
0.304, 1667, 1675, 0, 0
0.4, 1675, 1609, 0, 0
0.36, 1609, 1666, 0, 0
0.43, 1666, 1612, 0, 0
0.41, 1612, 1636, 0, 0
0.302, 1636, 1641, 0, 0
0.302, 1641, 1662, 0, 0
0.3, 1662, 1589, 0, 0
0.3, 1589, 1677, 0, 0
0.302, 1677, 1618, 0, 0
0.299, 1618, 1648, 0, 0
0.303, 1648, 1627, 0, 0
0.297, 1627, 1626, 0, 0
0.299, 1626, 1667, 0, 0
0.301, 1667, 1591, 0, 0
0.297, 1591, 1678, 0, 0
0.286, 1678, 1581, 0, 0
0.295, 1581, 1674, 0, 0
0.294, 1674, 1625, 0, 0
0.289, 1625, 1629, 0, 0
0.292, 1629, 1649, 0, 0
0.296, 1649, 1664, 0, 0
0.295, 1664, 1613, 0, 0
0.29, 1613, 1662, 0, 0
0.291, 1662, 1607, 0, 0
0.289, 1607, 1665, 0, 0
0.291, 1665, 1573, 0, 0
0.287, 1573, 1700, 0, 0
0.297, 1700, 1620, 0, 0
0.289, 1620, 1601, 0, 0
0.289, 1601, 1681, 0, 0
0.295, 1681, 1611, 0, 0
0.289, 1611, 1643, 0, 0
0.298, 1643, 1682, 0, 0
0.29, 1682, 1571, 0, 0
0.288, 1571, 1656, 0, 0
0.297, 1656, 1621, 0, 0
0.273, 1621, 1604, 0, 0
0.277, 1604, 1713, 0, 0
0.299, 1713, 1592, 0, 0
0.272, 1592, 1633, 0, 0
0.282, 1633, 1642, 0, 0
0.295, 1642, 1620, 0, 0
0.277, 1620, 1677, 0, 0
0.295, 1677, 1608, 0, 0
0.295, 1608, 1682, 0, 0
0.278, 1682, 1580, 0, 0
0.275, 1580, 1695, 0, 0
0.283, 1695, 1620, 0, 0
0.359, 1620, 1626, 0, 0
0.276, 1626, 1652, 0, 0
0.279, 1652, 1636, 0, 0
0.327, 1636, 1661, 0, 0
0.281, 1661, 1607, 0, 0
0.317, 1607, 1679, 0, 0
0.298, 1679, 1604, 0, 0
0.294, 1604, 1699, 0, 0
0.296, 1699, 1596, 0, 0
0.29, 1596, 1662, 0, 0
0.298, 1662, 1637, 0, 0
0.291, 1637, 1635, 0, 0
0.309, 1635, 1611, 0, 0
0.291, 1611, 1662, 0, 0
0.311, 1662, 1624, 0, 0
0.309, 1624, 1656, 0, 0
0.293, 1656, 1618, 0, 0
0.295, 1618, 1706, 0, 0
0.311, 1706, 1569, 0, 0
0.287, 1569, 1678, 0, 0
0.3, 1678, 1652, 0, 0
0.292, 1652, 1605, 0, 0
0.291, 1605, 1672, 0, 0
0.295, 1672, 1621, 0, 0
0.289, 1621, 1605, 0, 0
0.293, 1605, 1699, 0, 0
0.3, 1699, 1630, 0, 0
0.293, 1630, 1642, 0, 0
0.303, 1642, 1682, 0, 0
0.293, 1682, 1563, 0, 0
0.287, 1563, 1667, 0, 0
0.394, 1667, 1675, 0, 0
0.287, 1675, 1609, 0, 0
0.299, 1609, 1666, 0, 0
0.293, 1666, 1612, 0, 0
0.283, 1612, 1636, 0, 0
0.32, 1636, 1641, 0, 0
0.294, 1641, 1662, 0, 0
0.293, 1662, 1589, 0, 0
0.291, 1589, 1677, 0, 0
0.296, 1677, 1618, 0, 0
0.288, 1618, 1648, 0, 0
0.293, 1648, 1627, 0, 0
0.29, 1627, 1626, 0, 0
0.292, 1626, 1667, 0, 0
0.293, 1667, 1591, 0, 0
0.289, 1591, 1678, 0, 0
0.282, 1678, 1581, 0, 0
0.282, 1581, 1674, 0, 0
0.289, 1674, 1625, 0, 0
0.293, 1625, 1629, 0, 0
0.285, 1629, 1649, 0, 0
0.287, 1649, 1664, 0, 0
0.286, 1664, 1613, 0, 0
0.283, 1613, 1662, 0, 0
0.286, 1662, 1607, 0, 0
0.314, 1607, 1665, 0, 0
0.308, 1665, 1573, 0, 0
0.347, 1573, 1700, 0, 0
0.321, 1700, 1620, 0, 0
0.357, 1620, 1601, 0, 0
0.309, 1601, 1681, 0, 0
0.304, 1681, 1611, 0, 0
0.299, 1611, 1643, 0, 0
0.309, 1643, 1682, 0, 0
0.324, 1682, 1571, 0, 0
0.334, 1571, 1656, 0, 0
0.347, 1656, 1621, 0, 0
0.297, 1621, 1604, 0, 0
0.304, 1604, 1713, 0, 0
0.306, 1713, 1592, 0, 0
0.295, 1592, 1633, 0, 0
0.3, 1633, 1642, 0, 0
0.303, 1642, 1620, 0, 0
0.302, 1620, 1677, 0, 0
0.303, 1677, 1608, 0, 0
0.3, 1608, 1682, 0, 0
0.304, 1682, 1580, 0, 0
0.297, 1580, 1695, 0, 0
0.305, 1695, 1620, 0, 0
0.298, 1620, 1626, 0, 0
0.306, 1626, 1652, 0, 0
0.308, 1652, 1636, 0, 0
0.286, 1636, 1661, 0, 0
0.312, 1661, 1607, 0, 0
0.283, 1607, 1679, 0, 0
0.287, 1679, 1604, 0, 0
0.304, 1604, 1699, 0, 0
0.408, 1699, 1596, 0, 0
0.435, 1596, 1662, 0, 0
0.36, 1662, 1637, 0, 0
0.298, 1637, 1635, 0, 0
0.307, 1635, 1611, 0, 0
0.305, 1611, 1662, 0, 0
0.333, 1662, 1624, 0, 0
0.311, 1624, 1656, 0, 0
0.301, 1656, 1618, 0, 0
0.301, 1618, 1706, 0, 0
0.305, 1706, 1569, 0, 0
0.296, 1569, 1678, 0, 0
0.307, 1678, 1652, 0, 0
0.299, 1652, 1605, 0, 0
0.3, 1605, 1672, 0, 0
0.304, 1672, 1621, 0, 0
0.297, 1621, 1605, 0, 0
0.319, 1605, 1699, 0, 0
0.308, 1699, 1630, 0, 0
0.333, 1630, 1642, 0, 0
0.296, 1642, 1682, 0, 0
0.315, 1682, 1563, 0, 0
0.289, 1563, 1667, 0, 0
0.353, 1667, 1675, 0, 0
0.304, 1675, 1609, 0, 0
0.438, 1609, 1666, 0, 0
0.303, 1666, 1612, 0, 0
0.298, 1612, 1636, 0, 0
0.299, 1636, 1641, 0, 0
0.303, 1641, 1662, 0, 0
0.3, 1662, 1589, 0, 0
0.298, 1589, 1677, 0, 0
0.304, 1677, 1618, 0, 0
0.299, 1618, 1648, 0, 0
0.301, 1648, 1627, 0, 0
0.299, 1627, 1626, 0, 0
0.3, 1626, 1667, 0, 0
0.307, 1667, 1591, 0, 0
0.296, 1591, 1678, 0, 0
0.304, 1678, 1581, 0, 0
0.295, 1581, 1674, 0, 0
0.303, 1674, 1625, 0, 0
0.299, 1625, 1629, 0, 0
0.302, 1629, 1649, 0, 0
0.301, 1649, 1664, 0, 0
0.301, 1664, 1613, 0, 0
0.3, 1613, 1662, 0, 0
0.306, 1662, 1607, 0, 0
0.286, 1607, 1665, 0, 0
0.293, 1665, 1573, 0, 0
0.272, 1573, 1700, 0, 0
0.282, 1700, 1620, 0, 0
0.29, 1620, 1601, 0, 0
0.278, 1601, 1681, 0, 0
0.281, 1681, 1611, 0, 0
0.291, 1611, 1643, 0, 0
0.281, 1643, 1682, 0, 0
0.278, 1682, 1571, 0, 0
0.282, 1571, 1656, 0, 0
0.305, 1656, 1621, 0, 0
0.273, 1621, 1604, 0, 0
0.286, 1604, 1713, 0, 0
0.292, 1713, 1592, 0, 0
0.279, 1592, 1633, 0, 0
0.283, 1633, 1642, 0, 0
0.315, 1642, 1620, 0, 0
0.282, 1620, 1677, 0, 0
0.303, 1677, 1608, 0, 0
0.301, 1608, 1682, 0, 0
0.296, 1682, 1580, 0, 0
0.289, 1580, 1695, 0, 0
0.297, 1695, 1620, 0, 0
0.29, 1620, 1626, 0, 0
0.29, 1626, 1652, 0, 0
0.294, 1652, 1636, 0, 0
0.294, 1636, 1661, 0, 0
0.294, 1661, 1607, 0, 0
0.291, 1607, 1679, 0, 0
0.302, 1679, 1604, 0, 0
0.289, 1604, 1699, 0, 0
0.29, 1699, 1596, 0, 0
0.285, 1596, 1662, 0, 0
0.295, 1662, 1637, 0, 0
0.284, 1637, 1635, 0, 0
0.285, 1635, 1611, 0, 0
0.285, 1611, 1662, 0, 0
0.287, 1662, 1624, 0, 0
0.277, 1624, 1656, 0, 0
0.277, 1656, 1618, 0, 0
0.279, 1618, 1706, 0, 0
0.315, 1706, 1569, 0, 0
0.272, 1569, 1678, 0, 0
0.282, 1678, 1652, 0, 0
0.354, 1652, 1605, 0, 0
0.377, 1605, 1672, 0, 0
0.279, 1672, 1621, 0, 0
0.324, 1621, 1605, 0, 0
0.284, 1605, 1699, 0, 0
0.297, 1699, 1630, 0, 0
0.292, 1630, 1642, 0, 0
0.294, 1642, 1682, 0, 0
0.294, 1682, 1563, 0, 0
0.286, 1563, 1667, 0, 0
0.296, 1667, 1675, 0, 0
0.294, 1675, 1609, 0, 0
0.292, 1609, 1666, 0, 0
0.294, 1666, 1612, 0, 0
0.287, 1612, 1636, 0, 0
0.291, 1636, 1641, 0, 0
0.302, 1641, 1662, 0, 0
0.285, 1662, 1589, 0, 0
0.281, 1589, 1677, 0, 0
0.288, 1677, 1618, 0, 0
0.284, 1618, 1648, 0, 0
0.285, 1648, 1627, 0, 0
0.281, 1627, 1626, 0, 0
0.285, 1626, 1667, 0, 0
0.285, 1667, 1591, 0, 0
0.281, 1591, 1678, 0, 0
0.319, 1678, 1581, 0, 0
0.289, 1581, 1674, 0, 0
0.286, 1674, 1625, 0, 0
0.283, 1625, 1629, 0, 0
0.284, 1629, 1649, 0, 0
0.302, 1649, 1664, 0, 0
0.292, 1664, 1613, 0, 0
0.291, 1613, 1662, 0, 0
0.292, 1662, 1607, 0, 0
0.29, 1607, 1665, 0, 0
0.291, 1665, 1573, 0, 0
0.294, 1573, 1700, 0, 0
0.298, 1700, 1620, 0, 0
0.288, 1620, 1601, 0, 0
0.293, 1601, 1681, 0, 0
0.294, 1681, 1611, 0, 0
0.282, 1611, 1643, 0, 0
0.329, 1643, 1682, 0, 0
0.454, 1682, 1571, 0, 0
0.277, 1571, 1656, 0, 0
0.286, 1656, 1621, 0, 0
0.285, 1621, 1604, 0, 0
0.277, 1604, 1713, 0, 0
0.31, 1713, 1592, 0, 0
0.287, 1592, 1633, 0, 0
0.293, 1633, 1642, 0, 0
0.291, 1642, 1620, 0, 0
0.292, 1620, 1677, 0, 0
0.294, 1677, 1608, 0, 0
0.291, 1608, 1682, 0, 0
0.295, 1682, 1580, 0, 0
0.29, 1580, 1695, 0, 0
0.298, 1695, 1620, 0, 0
0.289, 1620, 1626, 0, 0
0.277, 1626, 1652, 0, 0
0.311, 1652, 1636, 0, 0
0.277, 1636, 1661, 0, 0
0.28, 1661, 1607, 0, 0
0.286, 1607, 1679, 0, 0
0.312, 1679, 1604, 0, 0
0.279, 1604, 1699, 0, 0
0.28, 1699, 1596, 0, 0
0.287, 1596, 1662, 0, 0
0.285, 1662, 1637, 0, 0
0.283, 1637, 1635, 0, 0
0.284, 1635, 1611, 0, 0
0.281, 1611, 1662, 0, 0
0.285, 1662, 1624, 0, 0
0.284, 1624, 1656, 0, 0
0.285, 1656, 1618, 0, 0
0.285, 1618, 1706, 0, 0
0.322, 1706, 1569, 0, 0
0.279, 1569, 1678, 0, 0
0.283, 1678, 1652, 0, 0
0.288, 1652, 1605, 0, 0
0.283, 1605, 1672, 0, 0
0.286, 1672, 1621, 0, 0
0.282, 1621, 1605, 0, 0
0.283, 1605, 1699, 0, 0
0.291, 1699, 1630, 0, 0
0.284, 1630, 1642, 0, 0
0.288, 1642, 1682, 0, 0
0.283, 1682, 1563, 0, 0
0.278, 1563, 1667, 0, 0
0.289, 1667, 1675, 0, 0
0.292, 1675, 1609, 0, 0
0.275, 1609, 1666, 0, 0
0.295, 1666, 1612, 0, 0
0.274, 1612, 1636, 0, 0
0.277, 1636, 1641, 0, 0
0.323, 1641, 1662, 0, 0
0.325, 1662, 1589, 0, 0
0.277, 1589, 1677, 0, 0
0.302, 1677, 1618, 0, 0
0.289, 1618, 1648, 0, 0
0.29, 1648, 1627, 0, 0
0.291, 1627, 1626, 0, 0
0.292, 1626, 1667, 0, 0
0.293, 1667, 1591, 0, 0
0.289, 1591, 1678, 0, 0
0.294, 1678, 1581, 0, 0
0.287, 1581, 1674, 0, 0
0.295, 1674, 1625, 0, 0
0.291, 1625, 1629, 0, 0
0.293, 1629, 1649, 0, 0
0.295, 1649, 1664, 0, 0
0.294, 1664, 1613, 0, 0
0.29, 1613, 1662, 0, 0
0.291, 1662, 1607, 0, 0
0.29, 1607, 1665, 0, 0
0.296, 1665, 1573, 0, 0
0.282, 1573, 1700, 0, 0
0.29, 1700, 1620, 0, 0
0.279, 1620, 1601, 0, 0
0.285, 1601, 1681, 0, 0
0.287, 1681, 1611, 0, 0
0.28, 1611, 1643, 0, 0
0.291, 1643, 1682, 0, 0
0.296, 1682, 1571, 0, 0
0.27, 1571, 1656, 0, 0
0.278, 1656, 1621, 0, 0
0.281, 1621, 1604, 0, 0
0.303, 1604, 1713, 0, 0
0.296, 1713, 1592, 0, 0
0.346, 1592, 1633, 0, 0
0.294, 1633, 1642, 0, 0
0.293, 1642, 1620, 0, 0
0.291, 1620, 1677, 0, 0
0.293, 1677, 1608, 0, 0
0.291, 1608, 1682, 0, 0
0.303, 1682, 1580, 0, 0
0.289, 1580, 1695, 0, 0
0.298, 1695, 1620, 0, 0
0.288, 1620, 1626, 0, 0
0.291, 1626, 1652, 0, 0
0.306, 1652, 1636, 0, 0
0.285, 1636, 1661, 0, 0
0.342, 1661, 1607, 0, 0
0.282, 1607, 1679, 0, 0
0.286, 1679, 1604, 0, 0
0.291, 1604, 1699, 0, 0
0.294, 1699, 1596, 0, 0
0.275, 1596, 1662, 0, 0
0.307, 1662, 1637, 0, 0
0.283, 1637, 1635, 0, 0
0.289, 1635, 1611, 0, 0
0.282, 1611, 1662, 0, 0
0.286, 1662, 1624, 0, 0
0.283, 1624, 1656, 0, 0
0.285, 1656, 1618, 0, 0
0.285, 1618, 1706, 0, 0
0.288, 1706, 1569, 0, 0
0.278, 1569, 1678, 0, 0
0.323, 1678, 1652, 0, 0
0.289, 1652, 1605, 0, 0
0.276, 1605, 1672, 0, 0
0.294, 1672, 1621, 0, 0
0.282, 1621, 1605, 0, 0
0.283, 1605, 1699, 0, 0
0.293, 1699, 1630, 0, 0
0.284, 1630, 1642, 0, 0
0.288, 1642, 1682, 0, 0
0.284, 1682, 1563, 0, 0
0.279, 1563, 1667, 0, 0
0.289, 1667, 1675, 0, 0
0.285, 1675, 1609, 0, 0
0.282, 1609, 1666, 0, 0
0.288, 1666, 1612, 0, 0
0.292, 1612, 1636, 0, 0
0.277, 1636, 1641, 0, 0
0.277, 1641, 1662, 0, 0
0.287, 1662, 1589, 0, 0
0.274, 1589, 1677, 0, 0
0.279, 1677, 1618, 0, 0
0.275, 1618, 1648, 0, 0
0.295, 1648, 1627, 0, 0
0.284, 1627, 1626, 0, 0
0.277, 1626, 1667, 0, 0
0.294, 1667, 1591, 0, 0
0.274, 1591, 1678, 0, 0
0.279, 1678, 1581, 0, 0
0.292, 1581, 1674, 0, 0
0.294, 1674, 1625, 0, 0
0.283, 1625, 1629, 0, 0
0.303, 1629, 1649, 0, 0
0.303, 1649, 1664, 0, 0
0.285, 1664, 1613, 0, 0
0.299, 1613, 1662, 0, 0
0.313, 1662, 1607, 0, 0
0.29, 1607, 1665, 0, 0
0.292, 1665, 1573, 0, 0
0.288, 1573, 1700, 0, 0
0.296, 1700, 1620, 0, 0
0.287, 1620, 1601, 0, 0
0.29, 1601, 1681, 0, 0
0.295, 1681, 1611, 0, 0
0.288, 1611, 1643, 0, 0
0.296, 1643, 1682, 0, 0
0.299, 1682, 1571, 0, 0
0.277, 1571, 1656, 0, 0
0.29, 1656, 1621, 0, 0
0.28, 1621, 1604, 0, 0
0.285, 1604, 1713, 0, 0
0.294, 1713, 1592, 0, 0
0.279, 1592, 1633, 0, 0
0.286, 1633, 1642, 0, 0
0.293, 1642, 1620, 0, 0
0.277, 1620, 1677, 0, 0
0.278, 1677, 1608, 0, 0
0.292, 1608, 1682, 0, 0
0.279, 1682, 1580, 0, 0
0.273, 1580, 1695, 0, 0
0.29, 1695, 1620, 0, 0
0.284, 1620, 1626, 0, 0
0.276, 1626, 1652, 0, 0
0.277, 1652, 1636, 0, 0
0.329, 1636, 1661, 0, 0
0.279, 1661, 1607, 0, 0
0.275, 1607, 1679, 0, 0
0.308, 1679, 1604, 0, 0
0.289, 1604, 1699, 0, 0
0.287, 1699, 1596, 0, 0
0.282, 1596, 1662, 0, 0
0.286, 1662, 1637, 0, 0
0.284, 1637, 1635, 0, 0
0.285, 1635, 1611, 0, 0
0.283, 1611, 1662, 0, 0
0.285, 1662, 1624, 0, 0
0.286, 1624, 1656, 0, 0
0.285, 1656, 1618, 0, 0
0.292, 1618, 1706, 0, 0
0.282, 1706, 1569, 0, 0
0.272, 1569, 1678, 0, 0
0.285, 1678, 1652, 0, 0
0.277, 1652, 1605, 0, 0
0.292, 1605, 1672, 0, 0
0.279, 1672, 1621, 0, 0
0.274, 1621, 1605, 0, 0
0.311, 1605, 1699, 0, 0
0.286, 1699, 1630, 0, 0
0.275, 1630, 1642, 0, 0
0.298, 1642, 1682, 0, 0
0.282, 1682, 1563, 0, 0
0.274, 1563, 1667, 0, 0
0.326, 1667, 1675, 0, 0
0.293, 1675, 1609, 0, 0
0.281, 1609, 1666, 0, 0
0.302, 1666, 1612, 0, 0
0.304, 1612, 1636, 0, 0
0.283, 1636, 1641, 0, 0
0.286, 1641, 1662, 0, 0
0.282, 1662, 1589, 0, 0
0.28, 1589, 1677, 0, 0
0.287, 1677, 1618, 0, 0
0.401, 1618, 1648, 0, 0
0.284, 1648, 1627, 0, 0
0.283, 1627, 1626, 0, 0
0.295, 1626, 1667, 0, 0
0.29, 1667, 1591, 0, 0
0.289, 1591, 1678, 0, 0
0.294, 1678, 1581, 0, 0
0.287, 1581, 1674, 0, 0
0.294, 1674, 1625, 0, 0
0.292, 1625, 1629, 0, 0
0.292, 1629, 1649, 0, 0
0.294, 1649, 1664, 0, 0
0.294, 1664, 1613, 0, 0
0.294, 1613, 1662, 0, 0
0.29, 1662, 1607, 0, 0
0.292, 1607, 1665, 0, 0
0.276, 1665, 1573, 0, 0
0.279, 1573, 1700, 0, 0
0.3, 1700, 1620, 0, 0
0.274, 1620, 1601, 0, 0
0.28, 1601, 1681, 0, 0
0.321, 1681, 1611, 0, 0
0.289, 1611, 1643, 0, 0
0.295, 1643, 1682, 0, 0
0.309, 1682, 1571, 0, 0
0.285, 1571, 1656, 0, 0
0.296, 1656, 1621, 0, 0
0.289, 1621, 1604, 0, 0
0.292, 1604, 1713, 0, 0
0.299, 1713, 1592, 0, 0
0.287, 1592, 1633, 0, 0
0.29, 1633, 1642, 0, 0
0.297, 1642, 1620, 0, 0
0.284, 1620, 1677, 0, 0
0.287, 1677, 1608, 0, 0
0.283, 1608, 1682, 0, 0
0.285, 1682, 1580, 0, 0
0.284, 1580, 1695, 0, 0
0.29, 1695, 1620, 0, 0
0.282, 1620, 1626, 0, 0
0.293, 1626, 1652, 0, 0
0.279, 1652, 1636, 0, 0
0.278, 1636, 1661, 0, 0
0.294, 1661, 1607, 0, 0
0.274, 1607, 1679, 0, 0
0.277, 1679, 1604, 0, 0
0.295, 1604, 1699, 0, 0
0.28, 1699, 1596, 0, 0
0.275, 1596, 1662, 0, 0
0.28, 1662, 1637, 0, 0
0.285, 1637, 1635, 0, 0
0.274, 1635, 1611, 0, 0
0.274, 1611, 1662, 0, 0
0.349, 1662, 1624, 0, 0
0.283, 1624, 1656, 0, 0
0.287, 1656, 1618, 0, 0
0.334, 1618, 1706, 0, 0
0.289, 1706, 1569, 0, 0
0.282, 1569, 1678, 0, 0
0.309, 1678, 1652, 0, 0
0.287, 1652, 1605, 0, 0
0.284, 1605, 1672, 0, 0
0.287, 1672, 1621, 0, 0
0.281, 1621, 1605, 0, 0
0.284, 1605, 1699, 0, 0
0.292, 1699, 1630, 0, 0
0.285, 1630, 1642, 0, 0
0.287, 1642, 1682, 0, 0
0.287, 1682, 1563, 0, 0
0.278, 1563, 1667, 0, 0
0.295, 1667, 1675, 0, 0
0.278, 1675, 1609, 0, 0
0.29, 1609, 1666, 0, 0
0.277, 1666, 1612, 0, 0
0.277, 1612, 1636, 0, 0
0.291, 1636, 1641, 0, 0
0.278, 1641, 1662, 0, 0
0.277, 1662, 1589, 0, 0
0.292, 1589, 1677, 0, 0
0.297, 1677, 1618, 0, 0
0.275, 1618, 1648, 0, 0
0.294, 1648, 1627, 0, 0
0.274, 1627, 1626, 0, 0
0.277, 1626, 1667, 0, 0
0.287, 1667, 1591, 0, 0
0.319, 1591, 1678, 0, 0
0.311, 1678, 1581, 0, 0
0.29, 1581, 1674, 0, 0
0.294, 1674, 1625, 0, 0
0.29, 1625, 1629, 0, 0
0.292, 1629, 1649, 0, 0
0.292, 1649, 1664, 0, 0
0.292, 1664, 1613, 0, 0
0.289, 1613, 1662, 0, 0
0.291, 1662, 1607, 0, 0
0.289, 1607, 1665, 0, 0
0.29, 1665, 1573, 0, 0
0.29, 1573, 1700, 0, 0
0.296, 1700, 1620, 0, 0
0.29, 1620, 1601, 0, 0
0.288, 1601, 1681, 0, 0
0.294, 1681, 1611, 0, 0
0.288, 1611, 1643, 0, 0
0.356, 1643, 1682, 0, 0
0.357, 1682, 1571, 0, 0
0.278, 1571, 1656, 0, 0
0.286, 1656, 1621, 0, 0
0.281, 1621, 1604, 0, 0
0.284, 1604, 1713, 0, 0
0.299, 1713, 1592, 0, 0
0.288, 1592, 1633, 0, 0
0.291, 1633, 1642, 0, 0
0.298, 1642, 1620, 0, 0
0.291, 1620, 1677, 0, 0
0.296, 1677, 1608, 0, 0
0.294, 1608, 1682, 0, 0
0.293, 1682, 1580, 0, 0
0.289, 1580, 1695, 0, 0
0.297, 1695, 1620, 0, 0
0.289, 1620, 1626, 0, 0
0.3, 1626, 1652, 0, 0
0.298, 1652, 1636, 0, 0
0.288, 1636, 1661, 0, 0
0.285, 1661, 1607, 0, 0
0.283, 1607, 1679, 0, 0
0.286, 1679, 1604, 0, 0
0.286, 1604, 1699, 0, 0
0.286, 1699, 1596, 0, 0
0.299, 1596, 1662, 0, 0
0.286, 1662, 1637, 0, 0
0.284, 1637, 1635, 0, 0
0.284, 1635, 1611, 0, 0
0.283, 1611, 1662, 0, 0
0.287, 1662, 1624, 0, 0
0.293, 1624, 1656, 0, 0
0.278, 1656, 1618, 0, 0
0.279, 1618, 1706, 0, 0
0.298, 1706, 1569, 0, 0
0.272, 1569, 1678, 0, 0
0.285, 1678, 1652, 0, 0
0.286, 1652, 1605, 0, 0
0.277, 1605, 1672, 0, 0
0.279, 1672, 1621, 0, 0
0.273, 1621, 1605, 0, 0
0.294, 1605, 1699, 0, 0
0.285, 1699, 1630, 0, 0
0.278, 1630, 1642, 0, 0
0.341, 1642, 1682, 0, 0
0.286, 1682, 1563, 0, 0
0.277, 1563, 1667, 0, 0
0.322, 1667, 1675, 0, 0
0.287, 1675, 1609, 0, 0
0.282, 1609, 1666, 0, 0
0.298, 1666, 1612, 0, 0
0.289, 1612, 1636, 0, 0
0.291, 1636, 1641, 0, 0
0.295, 1641, 1662, 0, 0
0.291, 1662, 1589, 0, 0
0.29, 1589, 1677, 0, 0
0.296, 1677, 1618, 0, 0
0.29, 1618, 1648, 0, 0
0.292, 1648, 1627, 0, 0
0.291, 1627, 1626, 0, 0
0.293, 1626, 1667, 0, 0
0.299, 1667, 1591, 0, 0
0.281, 1591, 1678, 0, 0
0.288, 1678, 1581, 0, 0
0.28, 1581, 1674, 0, 0
0.286, 1674, 1625, 0, 0
0.285, 1625, 1629, 0, 0
0.285, 1629, 1649, 0, 0
0.289, 1649, 1664, 0, 0
0.294, 1664, 1613, 0, 0
0.276, 1613, 1662, 0, 0
0.277, 1662, 1607, 0, 0
0.291, 1607, 1665, 0, 0
0.277, 1665, 1573, 0, 0
0.277, 1573, 1700, 0, 0
0.309, 1700, 1620, 0, 0
0.303, 1620, 1601, 0, 0
0.284, 1601, 1681, 0, 0
0.303, 1681, 1611, 0, 0
0.298, 1611, 1643, 0, 0
0.288, 1643, 1682, 0, 0
0.286, 1682, 1571, 0, 0
0.277, 1571, 1656, 0, 0
0.286, 1656, 1621, 0, 0
0.28, 1621, 1604, 0, 0
0.285, 1604, 1713, 0, 0
0.289, 1713, 1592, 0, 0
0.277, 1592, 1633, 0, 0
0.29, 1633, 1642, 0, 0
0.283, 1642, 1620, 0, 0
0.282, 1620, 1677, 0, 0
0.287, 1677, 1608, 0, 0
0.282, 1608, 1682, 0, 0
0.288, 1682, 1580, 0, 0
0.281, 1580, 1695, 0, 0
0.289, 1695, 1620, 0, 0
0.282, 1620, 1626, 0, 0
0.283, 1626, 1652, 0, 0
0.286, 1652, 1636, 0, 0
0.285, 1636, 1661, 0, 0
0.286, 1661, 1607, 0, 0
0.278, 1607, 1679, 0, 0
0.279, 1679, 1604, 0, 0
0.278, 1604, 1699, 0, 0
0.297, 1699, 1596, 0, 0
0.277, 1596, 1662, 0, 0
0.28, 1662, 1637, 0, 0
0.294, 1637, 1635, 0, 0
0.275, 1635, 1611, 0, 0
0.274, 1611, 1662, 0, 0
0.305, 1662, 1624, 0, 0
0.291, 1624, 1656, 0, 0
0.277, 1656, 1618, 0, 0
0.294, 1618, 1706, 0, 0
0.292, 1706, 1569, 0, 0
0.279, 1569, 1678, 0, 0
0.29, 1678, 1652, 0, 0
0.284, 1652, 1605, 0, 0
0.282, 1605, 1672, 0, 0
0.286, 1672, 1621, 0, 0
0.282, 1621, 1605, 0, 0
0.282, 1605, 1699, 0, 0
0.292, 1699, 1630, 0, 0
0.303, 1630, 1642, 0, 0
0.287, 1642, 1682, 0, 0
0.294, 1682, 1563, 0, 0
0.289, 1563, 1667, 0, 0
0.288, 1667, 1675, 0, 0
0.284, 1675, 1609, 0, 0
0.282, 1609, 1666, 0, 0
0.286, 1666, 1612, 0, 0
0.285, 1612, 1636, 0, 0
0.284, 1636, 1641, 0, 0
0.286, 1641, 1662, 0, 0
0.283, 1662, 1589, 0, 0
0.284, 1589, 1677, 0, 0
0.288, 1677, 1618, 0, 0
0.28, 1618, 1648, 0, 0
0.287, 1648, 1627, 0, 0
0.336, 1627, 1626, 0, 0
0.284, 1626, 1667, 0, 0
0.284, 1667, 1591, 0, 0
0.313, 1591, 1678, 0, 0
0.285, 1678, 1581, 0, 0
0.28, 1581, 1674, 0, 0
0.291, 1674, 1625, 0, 0
0.283, 1625, 1629, 0, 0
0.285, 1629, 1649, 0, 0
0.287, 1649, 1664, 0, 0
0.284, 1664, 1613, 0, 0
0.283, 1613, 1662, 0, 0
0.286, 1662, 1607, 0, 0
0.282, 1607, 1665, 0, 0
0.284, 1665, 1573, 0, 0
0.281, 1573, 1700, 0, 0
0.288, 1700, 1620, 0, 0
0.28, 1620, 1601, 0, 0
0.287, 1601, 1681, 0, 0
0.379, 1681, 1611, 0, 0
0.289, 1611, 1643, 0, 0
0.299, 1643, 1682, 0, 0
0.294, 1682, 1571, 0, 0
0.284, 1571, 1656, 0, 0
0.292, 1656, 1621, 0, 0
0.287, 1621, 1604, 0, 0
0.292, 1604, 1713, 0, 0
0.298, 1713, 1592, 0, 0
0.286, 1592, 1633, 0, 0
0.292, 1633, 1642, 0, 0
0.291, 1642, 1620, 0, 0
0.292, 1620, 1677, 0, 0
0.294, 1677, 1608, 0, 0
0.29, 1608, 1682, 0, 0
0.294, 1682, 1580, 0, 0
0.289, 1580, 1695, 0, 0
0.302, 1695, 1620, 0, 0
0.291, 1620, 1626, 0, 0
0.289, 1626, 1652, 0, 0
0.286, 1652, 1636, 0, 0
0.285, 1636, 1661, 0, 0
0.287, 1661, 1607, 0, 0
0.283, 1607, 1679, 0, 0
0.292, 1679, 1604, 0, 0
0.285, 1604, 1699, 0, 0
0.287, 1699, 1596, 0, 0
0.284, 1596, 1662, 0, 0
0.288, 1662, 1637, 0, 0
0.284, 1637, 1635, 0, 0
0.291, 1635, 1611, 0, 0
0.292, 1611, 1662, 0, 0
0.277, 1662, 1624, 0, 0
0.277, 1624, 1656, 0, 0
0.296, 1656, 1618, 0, 0
0.278, 1618, 1706, 0, 0
0.281, 1706, 1569, 0, 0
0.288, 1569, 1678, 0, 0
0.296, 1678, 1652, 0, 0
0.283, 1652, 1605, 0, 0
0.3, 1605, 1672, 0, 0
0.286, 1672, 1621, 0, 0
0.282, 1621, 1605, 0, 0
0.285, 1605, 1699, 0, 0
0.325, 1699, 1630, 0, 0
0.292, 1630, 1642, 0, 0
0.295, 1642, 1682, 0, 0
0.292, 1682, 1563, 0, 0
0.285, 1563, 1667, 0, 0
0.296, 1667, 1675, 0, 0
0.294, 1675, 1609, 0, 0
0.29, 1609, 1666, 0, 0
0.293, 1666, 1612, 0, 0
0.291, 1612, 1636, 0, 0
0.292, 1636, 1641, 0, 0
0.298, 1641, 1662, 0, 0
0.283, 1662, 1589, 0, 0
0.287, 1589, 1677, 0, 0
0.287, 1677, 1618, 0, 0
0.283, 1618, 1648, 0, 0
0.284, 1648, 1627, 0, 0
0.282, 1627, 1626, 0, 0
0.293, 1626, 1667, 0, 0
0.277, 1667, 1591, 0, 0
0.274, 1591, 1678, 0, 0
0.299, 1678, 1581, 0, 0
0.273, 1581, 1674, 0, 0
0.279, 1674, 1625, 0, 0
0.279, 1625, 1629, 0, 0
0.288, 1629, 1649, 0, 0
0.287, 1649, 1664, 0, 0
0.289, 1664, 1613, 0, 0
0.284, 1613, 1662, 0, 0
0.285, 1662, 1607, 0, 0
0.282, 1607, 1665, 0, 0
0.317, 1665, 1573, 0, 0
0.287, 1573, 1700, 0, 0
0.287, 1700, 1620, 0, 0
0.332, 1620, 1601, 0, 0
0.283, 1601, 1681, 0, 0
0.286, 1681, 1611, 0, 0
0.283, 1611, 1643, 0, 0
0.293, 1643, 1682, 0, 0
0.286, 1682, 1571, 0, 0
0.278, 1571, 1656, 0, 0
0.284, 1656, 1621, 0, 0
0.281, 1621, 1604, 0, 0
0.286, 1604, 1713, 0, 0
0.289, 1713, 1592, 0, 0
0.279, 1592, 1633, 0, 0
0.284, 1633, 1642, 0, 0
0.287, 1642, 1620, 0, 0
0.284, 1620, 1677, 0, 0
0.29, 1677, 1608, 0, 0
0.293, 1608, 1682, 0, 0
0.278, 1682, 1580, 0, 0
0.274, 1580, 1695, 0, 0
0.298, 1695, 1620, 0, 0
0.275, 1620, 1626, 0, 0
0.276, 1626, 1652, 0, 0
0.295, 1652, 1636, 0, 0
0.278, 1636, 1661, 0, 0
0.28, 1661, 1607, 0, 0
0.289, 1607, 1679, 0, 0
0.287, 1679, 1604, 0, 0
0.281, 1604, 1699, 0, 0
0.281, 1699, 1596, 0, 0
0.378, 1596, 1662, 0, 0
0.294, 1662, 1637, 0, 0
0.291, 1637, 1635, 0, 0
0.295, 1635, 1611, 0, 0
0.289, 1611, 1662, 0, 0
0.292, 1662, 1624, 0, 0
0.292, 1624, 1656, 0, 0
0.296, 1656, 1618, 0, 0
0.292, 1618, 1706, 0, 0
0.296, 1706, 1569, 0, 0
0.286, 1569, 1678, 0, 0
0.298, 1678, 1652, 0, 0
0.292, 1652, 1605, 0, 0
0.291, 1605, 1672, 0, 0
0.295, 1672, 1621, 0, 0
0.289, 1621, 1605, 0, 0
0.294, 1605, 1699, 0, 0
0.307, 1699, 1630, 0, 0
0.293, 1630, 1642, 0, 0
0.28, 1642, 1682, 0, 0
0.276, 1682, 1563, 0, 0
0.288, 1563, 1667, 0, 0
0.281, 1667, 1675, 0, 0
0.28, 1675, 1609, 0, 0
0.286, 1609, 1666, 0, 0
0.277, 1666, 1612, 0, 0
0.274, 1612, 1636, 0, 0
0.277, 1636, 1641, 0, 0
0.295, 1641, 1662, 0, 0
0.277, 1662, 1589, 0, 0
0.274, 1589, 1677, 0, 0
0.363, 1677, 1618, 0, 0
0.312, 1618, 1648, 0, 0
0.292, 1648, 1627, 0, 0
0.289, 1627, 1626, 0, 0
0.291, 1626, 1667, 0, 0
0.29, 1667, 1591, 0, 0
0.288, 1591, 1678, 0, 0
0.294, 1678, 1581, 0, 0
0.288, 1581, 1674, 0, 0
0.296, 1674, 1625, 0, 0
0.291, 1625, 1629, 0, 0
0.292, 1629, 1649, 0, 0
0.294, 1649, 1664, 0, 0
0.284, 1664, 1613, 0, 0
0.282, 1613, 1662, 0, 0
0.285, 1662, 1607, 0, 0
0.281, 1607, 1665, 0, 0
0.283, 1665, 1573, 0, 0
0.284, 1573, 1700, 0, 0
0.289, 1700, 1620, 0, 0
0.273, 1620, 1601, 0, 0
0.276, 1601, 1681, 0, 0
0.298, 1681, 1611, 0, 0
0.275, 1611, 1643, 0, 0
0.285, 1643, 1682, 0, 0
0.294, 1682, 1571, 0, 0
0.271, 1571, 1656, 0, 0
0.28, 1656, 1621, 0, 0
0.29, 1621, 1604, 0, 0
0.277, 1604, 1713, 0, 0
0.286, 1713, 1592, 0, 0
0.28, 1592, 1633, 0, 0
0.297, 1633, 1642, 0, 0
0.287, 1642, 1620, 0, 0
0.284, 1620, 1677, 0, 0
0.32, 1677, 1608, 0, 0
0.285, 1608, 1682, 0, 0
0.286, 1682, 1580, 0, 0
0.28, 1580, 1695, 0, 0
0.305, 1695, 1620, 0, 0
0.29, 1620, 1626, 0, 0
0.291, 1626, 1652, 0, 0
0.293, 1652, 1636, 0, 0
0.292, 1636, 1661, 0, 0
0.295, 1661, 1607, 0, 0
0.292, 1607, 1679, 0, 0
0.294, 1679, 1604, 0, 0
0.296, 1604, 1699, 0, 0
0.293, 1699, 1596, 0, 0
0.297, 1596, 1662, 0, 0
0.297, 1662, 1637, 0, 0
0.277, 1637, 1635, 0, 0
0.277, 1635, 1611, 0, 0
0.292, 1611, 1662, 0, 0
0.279, 1662, 1624, 0, 0
0.276, 1624, 1656, 0, 0
0.287, 1656, 1618, 0, 0
0.319, 1618, 1706, 0, 0
0.288, 1706, 1569, 0, 0
0.278, 1569, 1678, 0, 0
0.289, 1678, 1652, 0, 0
0.284, 1652, 1605, 0, 0
0.284, 1605, 1672, 0, 0
0.303, 1672, 1621, 0, 0
0.334, 1621, 1605, 0, 0
0.334, 1605, 1699, 0, 0
0.38, 1699, 1630, 0, 0
0.348, 1630, 1642, 0, 0
0.323, 1642, 1682, 0, 0
0.314, 1682, 1563, 0, 0
0.296, 1563, 1667, 0, 0
0.312, 1667, 1675, 0, 0
0.306, 1675, 1609, 0, 0
0.296, 1609, 1666, 0, 0
0.303, 1666, 1612, 0, 0
0.301, 1612, 1636, 0, 0
0.3, 1636, 1641, 0, 0
0.302, 1641, 1662, 0, 0
0.3, 1662, 1589, 0, 0
0.299, 1589, 1677, 0, 0
0.295, 1677, 1618, 0, 0
0.292, 1618, 1648, 0, 0
0.291, 1648, 1627, 0, 0
0.289, 1627, 1626, 0, 0
0.291, 1626, 1667, 0, 0
0.292, 1667, 1591, 0, 0
0.302, 1591, 1678, 0, 0
0.28, 1678, 1581, 0, 0
0.271, 1581, 1674, 0, 0
0.28, 1674, 1625, 0, 0
0.293, 1625, 1629, 0, 0
0.277, 1629, 1649, 0, 0
0.281, 1649, 1664, 0, 0
0.329, 1664, 1613, 0, 0
0.289, 1613, 1662, 0, 0
0.285, 1662, 1607, 0, 0
0.313, 1607, 1665, 0, 0
0.283, 1665, 1573, 0, 0
0.28, 1573, 1700, 0, 0
0.289, 1700, 1620, 0, 0
0.28, 1620, 1601, 0, 0
0.282, 1601, 1681, 0, 0
0.29, 1681, 1611, 0, 0
0.282, 1611, 1643, 0, 0
0.29, 1643, 1682, 0, 0
0.287, 1682, 1571, 0, 0
0.278, 1571, 1656, 0, 0
0.287, 1656, 1621, 0, 0
0.281, 1621, 1604, 0, 0
0.293, 1604, 1713, 0, 0
0.29, 1713, 1592, 0, 0
0.278, 1592, 1633, 0, 0
0.284, 1633, 1642, 0, 0
0.285, 1642, 1620, 0, 0
0.285, 1620, 1677, 0, 0
0.286, 1677, 1608, 0, 0
0.29, 1608, 1682, 0, 0
0.293, 1682, 1580, 0, 0
0.291, 1580, 1695, 0, 0
0.281, 1695, 1620, 0, 0
0.273, 1620, 1626, 0, 0
0.304, 1626, 1652, 0, 0
0.389, 1652, 1636, 0, 0
0.278, 1636, 1661, 0, 0
0.312, 1661, 1607, 0, 0
0.305, 1607, 1679, 0, 0
0.294, 1679, 1604, 0, 0
0.305, 1604, 1699, 0, 0
0.295, 1699, 1596, 0, 0
0.289, 1596, 1662, 0, 0
0.295, 1662, 1637, 0, 0
0.29, 1637, 1635, 0, 0
0.295, 1635, 1611, 0, 0
0.292, 1611, 1662, 0, 0
0.294, 1662, 1624, 0, 0
0.292, 1624, 1656, 0, 0
0.296, 1656, 1618, 0, 0
0.286, 1618, 1706, 0, 0
0.288, 1706, 1569, 0, 0
0.279, 1569, 1678, 0, 0
0.292, 1678, 1652, 0, 0
0.284, 1652, 1605, 0, 0
0.284, 1605, 1672, 0, 0
0.285, 1672, 1621, 0, 0
0.288, 1621, 1605, 0, 0
0.285, 1605, 1699, 0, 0
0.294, 1699, 1630, 0, 0
0.284, 1630, 1642, 0, 0
0.287, 1642, 1682, 0, 0
0.346, 1682, 1563, 0, 0
0.283, 1563, 1667, 0, 0
0.289, 1667, 1675, 0, 0
0.286, 1675, 1609, 0, 0
0.282, 1609, 1666, 0, 0
0.286, 1666, 1612, 0, 0
0.28, 1612, 1636, 0, 0
0.284, 1636, 1641, 0, 0
0.287, 1641, 1662, 0, 0
0.3, 1662, 1589, 0, 0
0.298, 1589, 1677, 0, 0
0.287, 1677, 1618, 0, 0
0.283, 1618, 1648, 0, 0
0.284, 1648, 1627, 0, 0
0.285, 1627, 1626, 0, 0
0.285, 1626, 1667, 0, 0
0.285, 1667, 1591, 0, 0
0.281, 1591, 1678, 0, 0
0.292, 1678, 1581, 0, 0
0.28, 1581, 1674, 0, 0
0.287, 1674, 1625, 0, 0
0.282, 1625, 1629, 0, 0
0.289, 1629, 1649, 0, 0
0.287, 1649, 1664, 0, 0
0.285, 1664, 1613, 0, 0
0.302, 1613, 1662, 0, 0
0.285, 1662, 1607, 0, 0
0.282, 1607, 1665, 0, 0
0.299, 1665, 1573, 0, 0
0.281, 1573, 1700, 0, 0
0.288, 1700, 1620, 0, 0
0.28, 1620, 1601, 0, 0
0.283, 1601, 1681, 0, 0
0.288, 1681, 1611, 0, 0
0.281, 1611, 1643, 0, 0
0.29, 1643, 1682, 0, 0
0.285, 1682, 1571, 0, 0
0.285, 1571, 1656, 0, 0
0.345, 1656, 1621, 0, 0
0.285, 1621, 1604, 0, 0
0.292, 1604, 1713, 0, 0
0.299, 1713, 1592, 0, 0
0.285, 1592, 1633, 0, 0
0.294, 1633, 1642, 0, 0
0.29, 1642, 1620, 0, 0
0.29, 1620, 1677, 0, 0
0.295, 1677, 1608, 0, 0
0.292, 1608, 1682, 0, 0
0.3, 1682, 1580, 0, 0
0.288, 1580, 1695, 0, 0
0.3, 1695, 1620, 0, 0
0.282, 1620, 1626, 0, 0
0.283, 1626, 1652, 0, 0
0.319, 1652, 1636, 0, 0
0.285, 1636, 1661, 0, 0
0.319, 1661, 1607, 0, 0
0.297, 1607, 1679, 0, 0
0.28, 1679, 1604, 0, 0
0.301, 1604, 1699, 0, 0
0.297, 1699, 1596, 0, 0
0.29, 1596, 1662, 0, 0
0.297, 1662, 1637, 0, 0
0.291, 1637, 1635, 0, 0
0.292, 1635, 1611, 0, 0
0.29, 1611, 1662, 0, 0
0.293, 1662, 1624, 0, 0
0.29, 1624, 1656, 0, 0
0.291, 1656, 1618, 0, 0
0.292, 1618, 1706, 0, 0
0.333, 1706, 1569, 0, 0
0.282, 1569, 1678, 0, 0
0.289, 1678, 1652, 0, 0
0.335, 1652, 1605, 0, 0
0.282, 1605, 1672, 0, 0
0.285, 1672, 1621, 0, 0
0.346, 1621, 1605, 0, 0
0.339, 1605, 1699, 0, 0
0.298, 1699, 1630, 0, 0
0.294, 1630, 1642, 0, 0
0.296, 1642, 1682, 0, 0
0.294, 1682, 1563, 0, 0
0.286, 1563, 1667, 0, 0
0.297, 1667, 1675, 0, 0
0.295, 1675, 1609, 0, 0
0.298, 1609, 1666, 0, 0
0.293, 1666, 1612, 0, 0
0.289, 1612, 1636, 0, 0
0.289, 1636, 1641, 0, 0
0.285, 1641, 1662, 0, 0
0.283, 1662, 1589, 0, 0
0.284, 1589, 1677, 0, 0
0.288, 1677, 1618, 0, 0
0.28, 1618, 1648, 0, 0
0.308, 1648, 1627, 0, 0
0.274, 1627, 1626, 0, 0
0.291, 1626, 1667, 0, 0
0.286, 1667, 1591, 0, 0
0.28, 1591, 1678, 0, 0
0.289, 1678, 1581, 0, 0
0.28, 1581, 1674, 0, 0
0.287, 1674, 1625, 0, 0
0.284, 1625, 1629, 0, 0
0.284, 1629, 1649, 0, 0
0.318, 1649, 1664, 0, 0
0.302, 1664, 1613, 0, 0
0.283, 1613, 1662, 0, 0
0.311, 1662, 1607, 0, 0
0.292, 1607, 1665, 0, 0
0.292, 1665, 1573, 0, 0
0.29, 1573, 1700, 0, 0
0.297, 1700, 1620, 0, 0
0.288, 1620, 1601, 0, 0
0.292, 1601, 1681, 0, 0
0.295, 1681, 1611, 0, 0
0.29, 1611, 1643, 0, 0
0.297, 1643, 1682, 0, 0
0.294, 1682, 1571, 0, 0
0.287, 1571, 1656, 0, 0
0.307, 1656, 1621, 0, 0
0.274, 1621, 1604, 0, 0
0.277, 1604, 1713, 0, 0
0.298, 1713, 1592, 0, 0
0.274, 1592, 1633, 0, 0
0.274, 1633, 1642, 0, 0
0.285, 1642, 1620, 0, 0
0.285, 1620, 1677, 0, 0
0.281, 1677, 1608, 0, 0
0.274, 1608, 1682, 0, 0
0.296, 1682, 1580, 0, 0
0.274, 1580, 1695, 0, 0
0.282, 1695, 1620, 0, 0
0.33, 1620, 1626, 0, 0
0.288, 1626, 1652, 0, 0
0.294, 1652, 1636, 0, 0
0.301, 1636, 1661, 0, 0
0.293, 1661, 1607, 0, 0
0.293, 1607, 1679, 0, 0
0.295, 1679, 1604, 0, 0
0.296, 1604, 1699, 0, 0
0.295, 1699, 1596, 0, 0
0.291, 1596, 1662, 0, 0
0.296, 1662, 1637, 0, 0
0.291, 1637, 1635, 0, 0
0.302, 1635, 1611, 0, 0
0.283, 1611, 1662, 0, 0
0.286, 1662, 1624, 0, 0
0.285, 1624, 1656, 0, 0
0.286, 1656, 1618, 0, 0
0.285, 1618, 1706, 0, 0
0.307, 1706, 1569, 0, 0
0.271, 1569, 1678, 0, 0
0.283, 1678, 1652, 0, 0
0.277, 1652, 1605, 0, 0
0.293, 1605, 1672, 0, 0
0.279, 1672, 1621, 0, 0
0.275, 1621, 1605, 0, 0
0.305, 1605, 1699, 0, 0
0.295, 1699, 1630, 0, 0
0.284, 1630, 1642, 0, 0
0.29, 1642, 1682, 0, 0
0.286, 1682, 1563, 0, 0
0.278, 1563, 1667, 0, 0
0.306, 1667, 1675, 0, 0
0.288, 1675, 1609, 0, 0
0.283, 1609, 1666, 0, 0
0.298, 1666, 1612, 0, 0
0.299, 1612, 1636, 0, 0
0.286, 1636, 1641, 0, 0
0.304, 1641, 1662, 0, 0
0.284, 1662, 1589, 0, 0
0.285, 1589, 1677, 0, 0
0.288, 1677, 1618, 0, 0
0.283, 1618, 1648, 0, 0
0.285, 1648, 1627, 0, 0
0.282, 1627, 1626, 0, 0
0.283, 1626, 1667, 0, 0
0.285, 1667, 1591, 0, 0
0.281, 1591, 1678, 0, 0
0.288, 1678, 1581, 0, 0
0.278, 1581, 1674, 0, 0
0.286, 1674, 1625, 0, 0
0.283, 1625, 1629, 0, 0
0.284, 1629, 1649, 0, 0
0.354, 1649, 1664, 0, 0
0.286, 1664, 1613, 0, 0
0.283, 1613, 1662, 0, 0
0.286, 1662, 1607, 0, 0
0.304, 1607, 1665, 0, 0
0.276, 1665, 1573, 0, 0
0.288, 1573, 1700, 0, 0
0.29, 1700, 1620, 0, 0
0.281, 1620, 1601, 0, 0
0.284, 1601, 1681, 0, 0
0.286, 1681, 1611, 0, 0
0.402, 1611, 1643, 0, 0
0.299, 1643, 1682, 0, 0
0.294, 1682, 1571, 0, 0
0.286, 1571, 1656, 0, 0
0.293, 1656, 1621, 0, 0
0.289, 1621, 1604, 0, 0
0.292, 1604, 1713, 0, 0
0.298, 1713, 1592, 0, 0
0.286, 1592, 1633, 0, 0
0.292, 1633, 1642, 0, 0
0.29, 1642, 1620, 0, 0
0.29, 1620, 1677, 0, 0
0.295, 1677, 1608, 0, 0
0.284, 1608, 1682, 0, 0
0.285, 1682, 1580, 0, 0
0.281, 1580, 1695, 0, 0
0.289, 1695, 1620, 0, 0
0.285, 1620, 1626, 0, 0
0.292, 1626, 1652, 0, 0
0.32, 1652, 1636, 0, 0
0.322, 1636, 1661, 0, 0
0.301, 1661, 1607, 0, 0
0.282, 1607, 1679, 0, 0
0.286, 1679, 1604, 0, 0
0.288, 1604, 1699, 0, 0
0.289, 1699, 1596, 0, 0
0.297, 1596, 1662, 0, 0
0.295, 1662, 1637, 0, 0
0.291, 1637, 1635, 0, 0
0.292, 1635, 1611, 0, 0
0.291, 1611, 1662, 0, 0
0.309, 1662, 1624, 0, 0
0.291, 1624, 1656, 0, 0
0.293, 1656, 1618, 0, 0
0.293, 1618, 1706, 0, 0
0.296, 1706, 1569, 0, 0
0.286, 1569, 1678, 0, 0
0.398, 1678, 1652, 0, 0
0.329, 1652, 1605, 0, 0
0.292, 1605, 1672, 0, 0
0.294, 1672, 1621, 0, 0
0.29, 1621, 1605, 0, 0
0.295, 1605, 1699, 0, 0
0.299, 1699, 1630, 0, 0
0.292, 1630, 1642, 0, 0
0.296, 1642, 1682, 0, 0
0.292, 1682, 1563, 0, 0
0.287, 1563, 1667, 0, 0
0.295, 1667, 1675, 0, 0
0.288, 1675, 1609, 0, 0
0.275, 1609, 1666, 0, 0
0.278, 1666, 1612, 0, 0
0.291, 1612, 1636, 0, 0
0.276, 1636, 1641, 0, 0
0.278, 1641, 1662, 0, 0
0.293, 1662, 1589, 0, 0
0.275, 1589, 1677, 0, 0
0.28, 1677, 1618, 0, 0
0.294, 1618, 1648, 0, 0
0.277, 1648, 1627, 0, 0
0.274, 1627, 1626, 0, 0
0.285, 1626, 1667, 0, 0
0.284, 1667, 1591, 0, 0
0.274, 1591, 1678, 0, 0
0.28, 1678, 1581, 0, 0
0.325, 1581, 1674, 0, 0
0.296, 1674, 1625, 0, 0
0.277, 1625, 1629, 0, 0
0.332, 1629, 1649, 0, 0
0.29, 1649, 1664, 0, 0
0.292, 1664, 1613, 0, 0
0.29, 1613, 1662, 0, 0
0.292, 1662, 1607, 0, 0
0.29, 1607, 1665, 0, 0
0.292, 1665, 1573, 0, 0
0.287, 1573, 1700, 0, 0
0.297, 1700, 1620, 0, 0
0.289, 1620, 1601, 0, 0
0.289, 1601, 1681, 0, 0
0.295, 1681, 1611, 0, 0
0.3, 1611, 1643, 0, 0
0.283, 1643, 1682, 0, 0
0.278, 1682, 1571, 0, 0
0.288, 1571, 1656, 0, 0
0.28, 1656, 1621, 0, 0
0.274, 1621, 1604, 0, 0
0.276, 1604, 1713, 0, 0
0.299, 1713, 1592, 0, 0
0.273, 1592, 1633, 0, 0
0.277, 1633, 1642, 0, 0
0.292, 1642, 1620, 0, 0
0.277, 1620, 1677, 0, 0
0.282, 1677, 1608, 0, 0
0.338, 1608, 1682, 0, 0
0.277, 1682, 1580, 0, 0
0.297, 1580, 1695, 0, 0
0.297, 1695, 1620, 0, 0
0.29, 1620, 1626, 0, 0
0.29, 1626, 1652, 0, 0
0.295, 1652, 1636, 0, 0
0.293, 1636, 1661, 0, 0
0.294, 1661, 1607, 0, 0
0.292, 1607, 1679, 0, 0
0.294, 1679, 1604, 0, 0
0.293, 1604, 1699, 0, 0
0.297, 1699, 1596, 0, 0
0.28, 1596, 1662, 0, 0
0.288, 1662, 1637, 0, 0
0.284, 1637, 1635, 0, 0
0.286, 1635, 1611, 0, 0
0.282, 1611, 1662, 0, 0
0.285, 1662, 1624, 0, 0
0.319, 1624, 1656, 0, 0
0.285, 1656, 1618, 0, 0
0.285, 1618, 1706, 0, 0
0.289, 1706, 1569, 0, 0
0.278, 1569, 1678, 0, 0
0.288, 1678, 1652, 0, 0
0.283, 1652, 1605, 0, 0
0.282, 1605, 1672, 0, 0
0.284, 1672, 1621, 0, 0
0.282, 1621, 1605, 0, 0
0.284, 1605, 1699, 0, 0
0.291, 1699, 1630, 0, 0
0.285, 1630, 1642, 0, 0
0.487, 1642, 1682, 0, 0
0.292, 1682, 1563, 0, 0
0.305, 1563, 1667, 0, 0
0.296, 1667, 1675, 0, 0
0.295, 1675, 1609, 0, 0
0.29, 1609, 1666, 0, 0
0.294, 1666, 1612, 0, 0
0.289, 1612, 1636, 0, 0
0.291, 1636, 1641, 0, 0
0.293, 1641, 1662, 0, 0
0.292, 1662, 1589, 0, 0
0.289, 1589, 1677, 0, 0
0.297, 1677, 1618, 0, 0
0.289, 1618, 1648, 0, 0
0.294, 1648, 1627, 0, 0
0.309, 1627, 1626, 0, 0
0.293, 1626, 1667, 0, 0
0.305, 1667, 1591, 0, 0
0.274, 1591, 1678, 0, 0
0.293, 1678, 1581, 0, 0
0.288, 1581, 1674, 0, 0
0.296, 1674, 1625, 0, 0
0.292, 1625, 1629, 0, 0
0.292, 1629, 1649, 0, 0
0.294, 1649, 1664, 0, 0
0.294, 1664, 1613, 0, 0
0.291, 1613, 1662, 0, 0
0.292, 1662, 1607, 0, 0
0.29, 1607, 1665, 0, 0
0.292, 1665, 1573, 0, 0
0.289, 1573, 1700, 0, 0
0.281, 1700, 1620, 0, 0
0.273, 1620, 1601, 0, 0
0.345, 1601, 1681, 0, 0
0.281, 1681, 1611, 0, 0
0.274, 1611, 1643, 0, 0
0.297, 1643, 1682, 0, 0
0.277, 1682, 1571, 0, 0
0.298, 1571, 1656, 0, 0
0.287, 1656, 1621, 0, 0
0.281, 1621, 1604, 0, 0
0.285, 1604, 1713, 0, 0
0.292, 1713, 1592, 0, 0
0.279, 1592, 1633, 0, 0
0.285, 1633, 1642, 0, 0
0.29, 1642, 1620, 0, 0
0.283, 1620, 1677, 0, 0
0.286, 1677, 1608, 0, 0
0.285, 1608, 1682, 0, 0
0.292, 1682, 1580, 0, 0
0.273, 1580, 1695, 0, 0
0.296, 1695, 1620, 0, 0
0.284, 1620, 1626, 0, 0
0.283, 1626, 1652, 0, 0
0.286, 1652, 1636, 0, 0
0.304, 1636, 1661, 0, 0
0.285, 1661, 1607, 0, 0
0.285, 1607, 1679, 0, 0
0.288, 1679, 1604, 0, 0
0.286, 1604, 1699, 0, 0
0.287, 1699, 1596, 0, 0
0.281, 1596, 1662, 0, 0
0.322, 1662, 1637, 0, 0
0.287, 1637, 1635, 0, 0
0.289, 1635, 1611, 0, 0
0.314, 1611, 1662, 0, 0
0.285, 1662, 1624, 0, 0
0.285, 1624, 1656, 0, 0
0.285, 1656, 1618, 0, 0
0.284, 1618, 1706, 0, 0
0.289, 1706, 1569, 0, 0
0.278, 1569, 1678, 0, 0
0.291, 1678, 1652, 0, 0
0.283, 1652, 1605, 0, 0
0.283, 1605, 1672, 0, 0
0.287, 1672, 1621, 0, 0
0.283, 1621, 1605, 0, 0
0.285, 1605, 1699, 0, 0
0.295, 1699, 1630, 0, 0
0.284, 1630, 1642, 0, 0
0.288, 1642, 1682, 0, 0
0.285, 1682, 1563, 0, 0
0.275, 1563, 1667, 0, 0
0.281, 1667, 1675, 0, 0
0.298, 1675, 1609, 0, 0
0.275, 1609, 1666, 0, 0
0.278, 1666, 1612, 0, 0
0.294, 1612, 1636, 0, 0
0.28, 1636, 1641, 0, 0
0.292, 1641, 1662, 0, 0
0.284, 1662, 1589, 0, 0
0.283, 1589, 1677, 0, 0
0.287, 1677, 1618, 0, 0
0.299, 1618, 1648, 0, 0
0.293, 1648, 1627, 0, 0
0.283, 1627, 1626, 0, 0
0.301, 1626, 1667, 0, 0
0.303, 1667, 1591, 0, 0
0.28, 1591, 1678, 0, 0
0.288, 1678, 1581, 0, 0
0.279, 1581, 1674, 0, 0
0.287, 1674, 1625, 0, 0
0.284, 1625, 1629, 0, 0
0.285, 1629, 1649, 0, 0
0.286, 1649, 1664, 0, 0
0.283, 1664, 1613, 0, 0
0.282, 1613, 1662, 0, 0
0.284, 1662, 1607, 0, 0
0.282, 1607, 1665, 0, 0
0.284, 1665, 1573, 0, 0
0.28, 1573, 1700, 0, 0
0.289, 1700, 1620, 0, 0
0.288, 1620, 1601, 0, 0
0.273, 1601, 1681, 0, 0
0.28, 1681, 1611, 0, 0
0.282, 1611, 1643, 0, 0
0.282, 1643, 1682, 0, 0
0.277, 1682, 1571, 0, 0
0.273, 1571, 1656, 0, 0
0.297, 1656, 1621, 0, 0
0.273, 1621, 1604, 0, 0
0.286, 1604, 1713, 0, 0
0.29, 1713, 1592, 0, 0
0.279, 1592, 1633, 0, 0
0.283, 1633, 1642, 0, 0
0.299, 1642, 1620, 0, 0
0.284, 1620, 1677, 0, 0
0.286, 1677, 1608, 0, 0
0.317, 1608, 1682, 0, 0
0.301, 1682, 1580, 0, 0
0.281, 1580, 1695, 0, 0
0.29, 1695, 1620, 0, 0
0.282, 1620, 1626, 0, 0
0.286, 1626, 1652, 0, 0
0.286, 1652, 1636, 0, 0
0.286, 1636, 1661, 0, 0
0.288, 1661, 1607, 0, 0
0.285, 1607, 1679, 0, 0
0.286, 1679, 1604, 0, 0
0.287, 1604, 1699, 0, 0
0.286, 1699, 1596, 0, 0
0.29, 1596, 1662, 0, 0
0.286, 1662, 1637, 0, 0
0.284, 1637, 1635, 0, 0
0.29, 1635, 1611, 0, 0
0.275, 1611, 1662, 0, 0
0.278, 1662, 1624, 0, 0
0.293, 1624, 1656, 0, 0
0.279, 1656, 1618, 0, 0
0.278, 1618, 1706, 0, 0
0.29, 1706, 1569, 0, 0
0.28, 1569, 1678, 0, 0
0.281, 1678, 1652, 0, 0
0.276, 1652, 1605, 0, 0
0.295, 1605, 1672, 0, 0
0.278, 1672, 1621, 0, 0
0.273, 1621, 1605, 0, 0
0.33, 1605, 1699, 0, 0
0.287, 1699, 1630, 0, 0
0.29, 1630, 1642, 0, 0
0.32, 1642, 1682, 0, 0
0.283, 1682, 1563, 0, 0
0.282, 1563, 1667, 0, 0
0.288, 1667, 1675, 0, 0
0.287, 1675, 1609, 0, 0
0.282, 1609, 1666, 0, 0
0.285, 1666, 1612, 0, 0
0.282, 1612, 1636, 0, 0
0.284, 1636, 1641, 0, 0
0.285, 1641, 1662, 0, 0
0.283, 1662, 1589, 0, 0
0.281, 1589, 1677, 0, 0
0.287, 1677, 1618, 0, 0
0.387, 1618, 1648, 0, 0
0.316, 1648, 1627, 0, 0
0.282, 1627, 1626, 0, 0
0.286, 1626, 1667, 0, 0
0.277, 1667, 1591, 0, 0
0.29, 1591, 1678, 0, 0
0.295, 1678, 1581, 0, 0
0.287, 1581, 1674, 0, 0
0.295, 1674, 1625, 0, 0
0.292, 1625, 1629, 0, 0
0.291, 1629, 1649, 0, 0
0.293, 1649, 1664, 0, 0
0.291, 1664, 1613, 0, 0
0.289, 1613, 1662, 0, 0
0.291, 1662, 1607, 0, 0
0.33, 1607, 1665, 0, 0
0.422, 1665, 1573, 0, 0
0.297, 1573, 1700, 0, 0
0.306, 1700, 1620, 0, 0
0.297, 1620, 1601, 0, 0
0.298, 1601, 1681, 0, 0
0.303, 1681, 1611, 0, 0
0.297, 1611, 1643, 0, 0
0.303, 1643, 1682, 0, 0
0.301, 1682, 1571, 0, 0
0.293, 1571, 1656, 0, 0
0.3, 1656, 1621, 0, 0
0.296, 1621, 1604, 0, 0
0.3, 1604, 1713, 0, 0
0.305, 1713, 1592, 0, 0
0.295, 1592, 1633, 0, 0
0.301, 1633, 1642, 0, 0
0.299, 1642, 1620, 0, 0
0.3, 1620, 1677, 0, 0
0.287, 1677, 1608, 0, 0
0.282, 1608, 1682, 0, 0
0.287, 1682, 1580, 0, 0
0.279, 1580, 1695, 0, 0
0.289, 1695, 1620, 0, 0
0.32, 1620, 1626, 0, 0
0.283, 1626, 1652, 0, 0
0.287, 1652, 1636, 0, 0
0.286, 1636, 1661, 0, 0
0.285, 1661, 1607, 0, 0
0.282, 1607, 1679, 0, 0
0.304, 1679, 1604, 0, 0
0.287, 1604, 1699, 0, 0
0.287, 1699, 1596, 0, 0
0.295, 1596, 1662, 0, 0
0.358, 1662, 1637, 0, 0
0.284, 1637, 1635, 0, 0
0.282, 1635, 1611, 0, 0
0.281, 1611, 1662, 0, 0
0.294, 1662, 1624, 0, 0
0.292, 1624, 1656, 0, 0
0.294, 1656, 1618, 0, 0
0.292, 1618, 1706, 0, 0
0.297, 1706, 1569, 0, 0
0.288, 1569, 1678, 0, 0
0.297, 1678, 1652, 0, 0
0.291, 1652, 1605, 0, 0
0.291, 1605, 1672, 0, 0
0.294, 1672, 1621, 0, 0
0.288, 1621, 1605, 0, 0
0.304, 1605, 1699, 0, 0
0.292, 1699, 1630, 0, 0
0.284, 1630, 1642, 0, 0
0.305, 1642, 1682, 0, 0
0.285, 1682, 1563, 0, 0
0.281, 1563, 1667, 0, 0
0.289, 1667, 1675, 0, 0
0.285, 1675, 1609, 0, 0
0.283, 1609, 1666, 0, 0
0.287, 1666, 1612, 0, 0
0.298, 1612, 1636, 0, 0
0.284, 1636, 1641, 0, 0
0.313, 1641, 1662, 0, 0
0.311, 1662, 1589, 0, 0
0.291, 1589, 1677, 0, 0
0.312, 1677, 1618, 0, 0
0.29, 1618, 1648, 0, 0
0.292, 1648, 1627, 0, 0
0.308, 1627, 1626, 0, 0
0.292, 1626, 1667, 0, 0
0.292, 1667, 1591, 0, 0
0.29, 1591, 1678, 0, 0
0.293, 1678, 1581, 0, 0
0.287, 1581, 1674, 0, 0
0.295, 1674, 1625, 0, 0
0.299, 1625, 1629, 0, 0
0.291, 1629, 1649, 0, 0
0.292, 1649, 1664, 0, 0
0.293, 1664, 1613, 0, 0
0.316, 1613, 1662, 0, 0
0.313, 1662, 1607, 0, 0
0.306, 1607, 1665, 0, 0
0.31, 1665, 1573, 0, 0
0.362, 1573, 1700, 0, 0
0.297, 1700, 1620, 0, 0
0.288, 1620, 1601, 0, 0
0.293, 1601, 1681, 0, 0
0.296, 1681, 1611, 0, 0
0.29, 1611, 1643, 0, 0
0.295, 1643, 1682, 0, 0
0.293, 1682, 1571, 0, 0
0.294, 1571, 1656, 0, 0
0.293, 1656, 1621, 0, 0
0.29, 1621, 1604, 0, 0
0.277, 1604, 1713, 0, 0
0.304, 1713, 1592, 0, 0
0.286, 1592, 1633, 0, 0
0.291, 1633, 1642, 0, 0
0.291, 1642, 1620, 0, 0
0.293, 1620, 1677, 0, 0
0.295, 1677, 1608, 0, 0
0.293, 1608, 1682, 0, 0
0.294, 1682, 1580, 0, 0
0.287, 1580, 1695, 0, 0
0.297, 1695, 1620, 0, 0
0.291, 1620, 1626, 0, 0
0.291, 1626, 1652, 0, 0
0.287, 1652, 1636, 0, 0
0.286, 1636, 1661, 0, 0
0.284, 1661, 1607, 0, 0
0.286, 1607, 1679, 0, 0
0.288, 1679, 1604, 0, 0
0.318, 1604, 1699, 0, 0
0.33, 1699, 1596, 0, 0
0.29, 1596, 1662, 0, 0
0.295, 1662, 1637, 0, 0
0.292, 1637, 1635, 0, 0
0.292, 1635, 1611, 0, 0
0.291, 1611, 1662, 0, 0
0.293, 1662, 1624, 0, 0
0.292, 1624, 1656, 0, 0
0.293, 1656, 1618, 0, 0
0.293, 1618, 1706, 0, 0
0.296, 1706, 1569, 0, 0
0.29, 1569, 1678, 0, 0
0.289, 1678, 1652, 0, 0
0.284, 1652, 1605, 0, 0
0.337, 1605, 1672, 0, 0
0.291, 1672, 1621, 0, 0
0.281, 1621, 1605, 0, 0
0.286, 1605, 1699, 0, 0
0.291, 1699, 1630, 0, 0
0.284, 1630, 1642, 0, 0
0.288, 1642, 1682, 0, 0
0.285, 1682, 1563, 0, 0
0.278, 1563, 1667, 0, 0
0.291, 1667, 1675, 0, 0
0.286, 1675, 1609, 0, 0
0.282, 1609, 1666, 0, 0
0.284, 1666, 1612, 0, 0
0.282, 1612, 1636, 0, 0
0.285, 1636, 1641, 0, 0
0.287, 1641, 1662, 0, 0
0.284, 1662, 1589, 0, 0
0.282, 1589, 1677, 0, 0
0.29, 1677, 1618, 0, 0
0.283, 1618, 1648, 0, 0
0.285, 1648, 1627, 0, 0
0.283, 1627, 1626, 0, 0
0.292, 1626, 1667, 0, 0
0.277, 1667, 1591, 0, 0
0.274, 1591, 1678, 0, 0
0.295, 1678, 1581, 0, 0
0.273, 1581, 1674, 0, 0
0.28, 1674, 1625, 0, 0
0.295, 1625, 1629, 0, 0
0.294, 1629, 1649, 0, 0
0.278, 1649, 1664, 0, 0
0.293, 1664, 1613, 0, 0
0.299, 1613, 1662, 0, 0
0.285, 1662, 1607, 0, 0
0.282, 1607, 1665, 0, 0
0.282, 1665, 1573, 0, 0
0.283, 1573, 1700, 0, 0
0.289, 1700, 1620, 0, 0
0.281, 1620, 1601, 0, 0
0.282, 1601, 1681, 0, 0
0.289, 1681, 1611, 0, 0
0.285, 1611, 1643, 0, 0
0.288, 1643, 1682, 0, 0
0.286, 1682, 1571, 0, 0
0.279, 1571, 1656, 0, 0
0.284, 1656, 1621, 0, 0
0.281, 1621, 1604, 0, 0
0.286, 1604, 1713, 0, 0
0.294, 1713, 1592, 0, 0
0.27, 1592, 1633, 0, 0
0.29, 1633, 1642, 0, 0
0.285, 1642, 1620, 0, 0
0.285, 1620, 1677, 0, 0
0.288, 1677, 1608, 0, 0
0.285, 1608, 1682, 0, 0
0.288, 1682, 1580, 0, 0
0.28, 1580, 1695, 0, 0
0.288, 1695, 1620, 0, 0
0.281, 1620, 1626, 0, 0
0.283, 1626, 1652, 0, 0
0.287, 1652, 1636, 0, 0
0.287, 1636, 1661, 0, 0
0.287, 1661, 1607, 0, 0
0.298, 1607, 1679, 0, 0
0.302, 1679, 1604, 0, 0
0.29, 1604, 1699, 0, 0
0.287, 1699, 1596, 0, 0
0.291, 1596, 1662, 0, 0
0.28, 1662, 1637, 0, 0
0.291, 1637, 1635, 0, 0
0.284, 1635, 1611, 0, 0
0.283, 1611, 1662, 0, 0
0.285, 1662, 1624, 0, 0
0.285, 1624, 1656, 0, 0
0.285, 1656, 1618, 0, 0
0.286, 1618, 1706, 0, 0
0.29, 1706, 1569, 0, 0
0.277, 1569, 1678, 0, 0
0.289, 1678, 1652, 0, 0
0.303, 1652, 1605, 0, 0
0.285, 1605, 1672, 0, 0
0.288, 1672, 1621, 0, 0
0.282, 1621, 1605, 0, 0
0.288, 1605, 1699, 0, 0
0.293, 1699, 1630, 0, 0
0.287, 1630, 1642, 0, 0
0.288, 1642, 1682, 0, 0
0.284, 1682, 1563, 0, 0
0.278, 1563, 1667, 0, 0
0.289, 1667, 1675, 0, 0
0.287, 1675, 1609, 0, 0
0.282, 1609, 1666, 0, 0
0.326, 1666, 1612, 0, 0
0.273, 1612, 1636, 0, 0
0.287, 1636, 1641, 0, 0
0.32, 1641, 1662, 0, 0
0.284, 1662, 1589, 0, 0
0.281, 1589, 1677, 0, 0
0.287, 1677, 1618, 0, 0
0.28, 1618, 1648, 0, 0
0.284, 1648, 1627, 0, 0
0.298, 1627, 1626, 0, 0
0.285, 1626, 1667, 0, 0
0.284, 1667, 1591, 0, 0
0.282, 1591, 1678, 0, 0
0.287, 1678, 1581, 0, 0
0.28, 1581, 1674, 0, 0
0.286, 1674, 1625, 0, 0
0.282, 1625, 1629, 0, 0
0.284, 1629, 1649, 0, 0
0.286, 1649, 1664, 0, 0
0.284, 1664, 1613, 0, 0
0.288, 1613, 1662, 0, 0
0.284, 1662, 1607, 0, 0
0.3, 1607, 1665, 0, 0
0.282, 1665, 1573, 0, 0
0.284, 1573, 1700, 0, 0
0.289, 1700, 1620, 0, 0
0.285, 1620, 1601, 0, 0
0.276, 1601, 1681, 0, 0
0.323, 1681, 1611, 0, 0
0.4, 1611, 1643, 0, 0
0.285, 1643, 1682, 0, 0
0.313, 1682, 1571, 0, 0
0.271, 1571, 1656, 0, 0
0.29, 1656, 1621, 0, 0
0.289, 1621, 1604, 0, 0
0.292, 1604, 1713, 0, 0
0.296, 1713, 1592, 0, 0
0.287, 1592, 1633, 0, 0
0.292, 1633, 1642, 0, 0
0.29, 1642, 1620, 0, 0
0.293, 1620, 1677, 0, 0
0.294, 1677, 1608, 0, 0
0.292, 1608, 1682, 0, 0
0.299, 1682, 1580, 0, 0
0.296, 1580, 1695, 0, 0
0.289, 1695, 1620, 0, 0
0.283, 1620, 1626, 0, 0
0.284, 1626, 1652, 0, 0
0.286, 1652, 1636, 0, 0
0.285, 1636, 1661, 0, 0
0.287, 1661, 1607, 0, 0
0.275, 1607, 1679, 0, 0
0.281, 1679, 1604, 0, 0
0.297, 1604, 1699, 0, 0
0.282, 1699, 1596, 0, 0
0.274, 1596, 1662, 0, 0
0.297, 1662, 1637, 0, 0
0.276, 1637, 1635, 0, 0
0.275, 1635, 1611, 0, 0
0.288, 1611, 1662, 0, 0
0.285, 1662, 1624, 0, 0
0.286, 1624, 1656, 0, 0
0.285, 1656, 1618, 0, 0
0.302, 1618, 1706, 0, 0
0.287, 1706, 1569, 0, 0
0.279, 1569, 1678, 0, 0
0.322, 1678, 1652, 0, 0
0.284, 1652, 1605, 0, 0
0.282, 1605, 1672, 0, 0
0.288, 1672, 1621, 0, 0
0.28, 1621, 1605, 0, 0
0.286, 1605, 1699, 0, 0
0.295, 1699, 1630, 0, 0
0.285, 1630, 1642, 0, 0
0.288, 1642, 1682, 0, 0
0.285, 1682, 1563, 0, 0
0.279, 1563, 1667, 0, 0
0.287, 1667, 1675, 0, 0
0.288, 1675, 1609, 0, 0
0.283, 1609, 1666, 0, 0
0.286, 1666, 1612, 0, 0
0.281, 1612, 1636, 0, 0
0.291, 1636, 1641, 0, 0
0.278, 1641, 1662, 0, 0
0.277, 1662, 1589, 0, 0
0.332, 1589, 1677, 0, 0
0.279, 1677, 1618, 0, 0
0.274, 1618, 1648, 0, 0
0.293, 1648, 1627, 0, 0
0.312, 1627, 1626, 0, 0
0.284, 1626, 1667, 0, 0
0.287, 1667, 1591, 0, 0
0.281, 1591, 1678, 0, 0
0.286, 1678, 1581, 0, 0
0.297, 1581, 1674, 0, 0
0.362, 1674, 1625, 0, 0
0.294, 1625, 1629, 0, 0
0.297, 1629, 1649, 0, 0
0.294, 1649, 1664, 0, 0
0.29, 1664, 1613, 0, 0
0.29, 1613, 1662, 0, 0
0.293, 1662, 1607, 0, 0
0.122, 0, 1665, 0, 0
0.058, 0, 824, 0, 0
